S. No.,Date,Category,Subcategory,Sales
0,Q1,Peripherals,Accessories,3447
1,Q1,Laptops,Components,3385
2,Q1,Desktops,Software Suites,1885
3,Q1,Software,Components,4169
4,Q1,Software,Components,3766
5,Q1,Laptops,Software Suites,4012
6,Q1,Peripherals,Components,2871
7,Q1,Desktops,Software Suites,4570
8,Q1,Peripherals,Components,2559
9,Q1,Peripherals,Accessories,4223
10,Q1,Desktops,Components,1814
11,Q1,Laptops,Accessories,1989
12,Q1,Desktops,Software Suites,3106
13,Q1,Laptops,Components,3223
14,Q1,Desktops,Components,3984
15,Q1,Laptops,Components,2189
16,Q1,Desktops,Components,4490
17,Q1,Peripherals,Accessories,2319
18,Q1,Laptops,Accessories,3136
19,Q1,Software,Components,4727
20,Q1,Desktops,Accessories,3157
21,Q1,Software,Software Suites,3727
22,Q1,Peripherals,Accessories,4634
23,Q1,Laptops,Software Suites,4898
24,Q1,Laptops,Components,2997
25,Q1,Desktops,Components,2667
26,Q1,Software,Accessories,1787
27,Q1,Laptops,Components,3149
28,Q1,Desktops,Software Suites,4673
29,Q1,Software,Accessories,2948
30,Q1,Software,Accessories,2393
31,Q1,Peripherals,Components,1429
32,Q1,Peripherals,Accessories,2558
33,Q1,Desktops,Accessories,1946
34,Q1,Laptops,Components,4906
35,Q1,Peripherals,Components,3110
36,Q1,Laptops,Components,1547
37,Q1,Laptops,Software Suites,1269
38,Q1,Software,Software Suites,4402
39,Q1,Desktops,Accessories,4725
40,Q1,Peripherals,Components,4052
41,Q1,Laptops,Accessories,1495
42,Q1,Desktops,Accessories,1393
43,Q1,Software,Accessories,1791
44,Q1,Peripherals,Components,4004
45,Q1,Laptops,Software Suites,4061
46,Q1,Software,Software Suites,4351
47,Q1,Laptops,Components,1387
48,Q1,Desktops,Software Suites,1612
49,Q1,Laptops,Accessories,4601
50,Q1,Laptops,Software Suites,4714
51,Q1,Peripherals,Software Suites,3902
52,Q1,Software,Accessories,1424
53,Q1,Software,Components,1274
54,Q1,Software,Software Suites,1222
55,Q1,Peripherals,Components,3767
56,Q1,Desktops,Software Suites,4383
57,Q1,Peripherals,Software Suites,3526
58,Q1,Desktops,Components,2048
59,Q1,Desktops,Accessories,4029
60,Q1,Laptops,Components,1236
61,Q1,Desktops,Accessories,4312
62,Q1,Software,Components,4567
63,Q1,Laptops,Components,3873
64,Q1,Software,Components,4517
65,Q1,Software,Accessories,3344
66,Q1,Laptops,Accessories,2873
67,Q1,Software,Software Suites,2289
68,Q1,Peripherals,Accessories,4686
69,Q1,Software,Accessories,3789
70,Q1,Laptops,Software Suites,1761
71,Q1,Peripherals,Accessories,4827
72,Q1,Software,Components,1236
73,Q1,Peripherals,Accessories,3350
74,Q1,Desktops,Accessories,1762
75,Q1,Software,Components,3657
76,Q1,Software,Components,2650
77,Q1,Peripherals,Accessories,2748
78,Q1,Desktops,Accessories,3686
79,Q1,Desktops,Accessories,4024
80,Q1,Laptops,Components,2520
81,Q1,Software,Software Suites,4990
82,Q1,Peripherals,Accessories,2993
83,Q1,Laptops,Accessories,1641
84,Q1,Desktops,Components,1025
85,Q1,Desktops,Components,1809
86,Q1,Peripherals,Accessories,3764
87,Q1,Software,Accessories,3157
88,Q1,Laptops,Components,2351
89,Q1,Laptops,Components,2925
90,Q1,Software,Components,4352
91,Q1,Laptops,Accessories,3286
92,Q1,Laptops,Software Suites,1232
93,Q1,Software,Components,1196
94,Q1,Laptops,Components,2928
95,Q1,Software,Accessories,2617
96,Q1,Peripherals,Software Suites,4402
97,Q1,Desktops,Software Suites,3331
98,Q1,Desktops,Accessories,4027
99,Q1,Peripherals,Software Suites,3340
100,Q1,Laptops,Software Suites,2381
101,Q1,Peripherals,Accessories,3629
102,Q1,Laptops,Software Suites,3485
103,Q1,Peripherals,Accessories,3880
104,Q1,Laptops,Accessories,1756
105,Q1,Laptops,Accessories,3566
106,Q1,Laptops,Components,2141
107,Q1,Desktops,Components,4160
108,Q1,Software,Components,4194
109,Q1,Desktops,Accessories,3499
110,Q1,Software,Accessories,4786
111,Q1,Laptops,Software Suites,3150
112,Q1,Desktops,Software Suites,1100
113,Q1,Software,Software Suites,3424
114,Q1,Desktops,Accessories,4110
115,Q1,Desktops,Software Suites,1404
116,Q1,Peripherals,Software Suites,1418
117,Q1,Peripherals,Components,2092
118,Q1,Peripherals,Accessories,4376
119,Q1,Peripherals,Software Suites,3109
120,Q1,Software,Components,4905
121,Q1,Desktops,Accessories,4491
122,Q1,Desktops,Accessories,3219
123,Q1,Software,Components,3716
124,Q1,Laptops,Accessories,2324
125,Q1,Desktops,Accessories,1361
126,Q1,Peripherals,Components,2594
127,Q1,Laptops,Software Suites,3369
128,Q1,Desktops,Accessories,1728
129,Q1,Desktops,Components,1886
130,Q1,Desktops,Software Suites,1059
131,Q1,Desktops,Software Suites,3936
132,Q1,Peripherals,Software Suites,4597
133,Q1,Desktops,Accessories,4309
134,Q1,Laptops,Software Suites,2519
135,Q1,Software,Software Suites,3373
136,Q1,Desktops,Accessories,4843
137,Q1,Peripherals,Components,3365
138,Q1,Software,Components,2183
139,Q1,Software,Components,2354
140,Q1,Laptops,Accessories,3908
141,Q1,Peripherals,Software Suites,2785
142,Q1,Software,Software Suites,4349
143,Q1,Software,Components,4456
144,Q1,Laptops,Software Suites,1143
145,Q1,Laptops,Components,3893
146,Q1,Peripherals,Software Suites,2479
147,Q1,Peripherals,Components,3079
148,Q1,Laptops,Components,2059
149,Q1,Peripherals,Accessories,2472
150,Q1,Laptops,Components,2321
151,Q1,Software,Accessories,1201
152,Q1,Laptops,Accessories,4131
153,Q1,Software,Accessories,1572
154,Q1,Software,Software Suites,2503
155,Q1,Desktops,Accessories,1772
156,Q1,Peripherals,Software Suites,1642
157,Q1,Desktops,Software Suites,2493
158,Q1,Desktops,Accessories,4675
159,Q1,Laptops,Components,4776
160,Q1,Laptops,Components,2526
161,Q1,Desktops,Components,3020
162,Q1,Software,Software Suites,4942
163,Q1,Software,Components,1939
164,Q1,Software,Components,4778
165,Q1,Laptops,Components,1423
166,Q1,Software,Software Suites,1903
167,Q1,Peripherals,Components,2353
168,Q1,Software,Components,1148
169,Q1,Peripherals,Software Suites,4262
170,Q1,Peripherals,Software Suites,4421
171,Q1,Peripherals,Software Suites,2533
172,Q1,Laptops,Software Suites,4345
173,Q1,Desktops,Components,4090
174,Q1,Desktops,Software Suites,4205
175,Q1,Software,Accessories,4210
176,Q1,Desktops,Accessories,3293
177,Q1,Peripherals,Components,1443
178,Q1,Laptops,Software Suites,4693
179,Q1,Desktops,Components,3434
180,Q1,Laptops,Components,4605
181,Q1,Peripherals,Components,4836
182,Q1,Software,Accessories,1748
183,Q1,Desktops,Components,2608
184,Q1,Software,Components,1769
185,Q1,Software,Components,1203
186,Q1,Peripherals,Components,4865
187,Q1,Software,Accessories,4693
188,Q1,Peripherals,Software Suites,4726
189,Q1,Software,Components,4534
190,Q1,Desktops,Accessories,3595
191,Q1,Desktops,Components,3088
192,Q1,Desktops,Components,4965
193,Q1,Software,Accessories,3209
194,Q1,Laptops,Accessories,3569
195,Q1,Peripherals,Accessories,1846
196,Q1,Software,Components,3986
197,Q1,Peripherals,Software Suites,4277
198,Q1,Software,Software Suites,3714
199,Q1,Laptops,Components,2994
200,Q1,Software,Software Suites,1791
201,Q1,Laptops,Accessories,1135
202,Q1,Software,Software Suites,3509
203,Q1,Desktops,Components,3732
204,Q1,Software,Software Suites,4090
205,Q1,Software,Software Suites,4801
206,Q1,Laptops,Components,2989
207,Q1,Laptops,Accessories,4316
208,Q1,Software,Components,3865
209,Q1,Laptops,Software Suites,2108
210,Q1,Software,Software Suites,4380
211,Q1,Desktops,Software Suites,1213
212,Q1,Laptops,Accessories,3395
213,Q1,Software,Components,4761
214,Q1,Desktops,Accessories,3635
215,Q1,Software,Software Suites,4748
216,Q1,Peripherals,Software Suites,1224
217,Q1,Peripherals,Accessories,3129
218,Q1,Software,Components,4122
219,Q1,Laptops,Software Suites,3569
220,Q1,Peripherals,Software Suites,4522
221,Q1,Software,Components,2850
222,Q1,Desktops,Accessories,3730
223,Q1,Peripherals,Software Suites,2679
224,Q1,Desktops,Software Suites,4488
225,Q1,Software,Components,1477
226,Q1,Laptops,Software Suites,2016
227,Q1,Desktops,Accessories,1387
228,Q1,Desktops,Components,3808
229,Q1,Peripherals,Accessories,1930
230,Q1,Software,Software Suites,2268
231,Q1,Laptops,Software Suites,4346
232,Q1,Peripherals,Software Suites,2440
233,Q1,Laptops,Components,1583
234,Q1,Software,Accessories,1083
235,Q1,Desktops,Accessories,1906
236,Q1,Desktops,Components,4658
237,Q1,Software,Software Suites,3194
238,Q1,Software,Accessories,4979
239,Q1,Desktops,Software Suites,1860
240,Q1,Peripherals,Accessories,2405
241,Q1,Desktops,Components,1652
242,Q1,Peripherals,Accessories,2593
243,Q1,Desktops,Components,3253
244,Q1,Desktops,Components,4232
245,Q1,Peripherals,Accessories,2472
246,Q1,Laptops,Components,4086
247,Q1,Software,Software Suites,3504
248,Q1,Laptops,Software Suites,2167
249,Q1,Peripherals,Accessories,4648
250,Q1,Peripherals,Software Suites,2736
251,Q1,Software,Software Suites,1603
252,Q1,Peripherals,Software Suites,4850
253,Q1,Software,Components,4653
254,Q1,Desktops,Software Suites,1198
255,Q1,Peripherals,Components,4609
256,Q1,Desktops,Accessories,4789
257,Q1,Peripherals,Accessories,4316
258,Q1,Peripherals,Software Suites,2019
259,Q1,Desktops,Accessories,3525
260,Q1,Laptops,Components,3152
261,Q1,Peripherals,Software Suites,3480
262,Q1,Software,Accessories,3465
263,Q1,Laptops,Components,3556
264,Q1,Laptops,Accessories,3056
265,Q1,Desktops,Components,3761
266,Q1,Software,Accessories,3106
267,Q1,Software,Software Suites,1065
268,Q1,Desktops,Accessories,1141
269,Q1,Desktops,Software Suites,4832
270,Q1,Software,Software Suites,4637
271,Q1,Peripherals,Software Suites,3342
272,Q1,Peripherals,Software Suites,1698
273,Q1,Laptops,Accessories,4125
274,Q1,Software,Software Suites,1573
275,Q1,Software,Components,2509
276,Q1,Software,Software Suites,2319
277,Q1,Laptops,Software Suites,1049
278,Q1,Peripherals,Components,4228
279,Q1,Peripherals,Components,3038
280,Q1,Software,Accessories,2265
281,Q1,Software,Accessories,3028
282,Q1,Desktops,Components,1000
283,Q1,Software,Software Suites,2747
284,Q1,Software,Components,3078
285,Q1,Laptops,Components,2358
286,Q1,Peripherals,Accessories,4321
287,Q1,Desktops,Components,1999
288,Q1,Desktops,Components,1551
289,Q1,Software,Software Suites,3110
290,Q1,Laptops,Software Suites,4549
291,Q1,Software,Components,2501
292,Q1,Laptops,Software Suites,1186
293,Q1,Software,Components,4879
294,Q1,Desktops,Software Suites,2777
295,Q1,Desktops,Components,1691
296,Q1,Laptops,Accessories,3462
297,Q1,Software,Components,2278
298,Q1,Software,Accessories,4751
299,Q1,Peripherals,Accessories,2175
300,Q1,Software,Software Suites,3200
301,Q1,Laptops,Software Suites,3173
302,Q1,Peripherals,Accessories,1969
303,Q1,Laptops,Software Suites,2997
304,Q1,Desktops,Accessories,1436
305,Q1,Peripherals,Accessories,3574
306,Q1,Software,Software Suites,4033
307,Q1,Desktops,Accessories,4800
308,Q1,Software,Software Suites,2303
309,Q1,Peripherals,Software Suites,2140
310,Q1,Desktops,Accessories,3195
311,Q1,Desktops,Accessories,3771
312,Q1,Peripherals,Software Suites,4969
313,Q1,Software,Components,1100
314,Q1,Peripherals,Components,1953
315,Q1,Desktops,Components,2049
316,Q1,Desktops,Components,2021
317,Q1,Desktops,Software Suites,2854
318,Q1,Laptops,Components,4491
319,Q1,Laptops,Accessories,1123
320,Q1,Software,Components,4263
321,Q1,Peripherals,Software Suites,3470
322,Q1,Desktops,Accessories,3460
323,Q1,Laptops,Components,3713
324,Q1,Laptops,Software Suites,1461
325,Q1,Peripherals,Components,3986
326,Q1,Peripherals,Accessories,1992
327,Q1,Peripherals,Accessories,3066
328,Q1,Peripherals,Components,3707
329,Q1,Desktops,Components,3415
330,Q1,Desktops,Software Suites,2292
331,Q1,Software,Components,2584
332,Q1,Software,Software Suites,2906
333,Q1,Laptops,Accessories,1165
334,Q1,Software,Components,3904
335,Q1,Laptops,Accessories,1399
336,Q1,Laptops,Components,2834
337,Q1,Software,Accessories,3619
338,Q1,Peripherals,Components,1321
339,Q1,Laptops,Components,4982
340,Q1,Desktops,Accessories,2508
341,Q1,Software,Accessories,1063
342,Q1,Desktops,Components,3634
343,Q1,Desktops,Software Suites,3230
344,Q1,Laptops,Accessories,3561
345,Q1,Software,Components,4004
346,Q1,Laptops,Accessories,2902
347,Q1,Laptops,Software Suites,4307
348,Q1,Peripherals,Components,2480
349,Q1,Peripherals,Software Suites,3180
350,Q1,Desktops,Accessories,1634
351,Q1,Peripherals,Accessories,3479
352,Q1,Software,Components,2046
353,Q1,Software,Components,3786
354,Q1,Laptops,Software Suites,4204
355,Q1,Laptops,Software Suites,4435
356,Q1,Peripherals,Software Suites,4716
357,Q1,Laptops,Components,1489
358,Q1,Peripherals,Components,1551
359,Q1,Desktops,Components,4704
360,Q1,Laptops,Accessories,2523
361,Q1,Laptops,Components,1104
362,Q1,Peripherals,Components,2147
363,Q1,Laptops,Accessories,4344
364,Q1,Peripherals,Accessories,2419
365,Q1,Desktops,Components,1306
366,Q1,Software,Components,3888
367,Q1,Software,Software Suites,1778
368,Q1,Peripherals,Components,2411
369,Q1,Laptops,Software Suites,1015
370,Q1,Software,Components,3407
371,Q1,Desktops,Accessories,2781
372,Q1,Software,Accessories,4468
373,Q1,Software,Software Suites,2337
374,Q1,Laptops,Components,1818
375,Q1,Peripherals,Accessories,1663
376,Q1,Desktops,Components,1800
377,Q1,Desktops,Software Suites,2804
378,Q1,Software,Components,1348
379,Q1,Software,Accessories,2609
380,Q1,Peripherals,Accessories,4418
381,Q1,Laptops,Software Suites,4070
382,Q1,Laptops,Software Suites,3549
383,Q1,Peripherals,Software Suites,4572
384,Q1,Peripherals,Software Suites,4120
385,Q1,Peripherals,Accessories,3610
386,Q1,Peripherals,Accessories,4452
387,Q1,Laptops,Accessories,1497
388,Q1,Laptops,Accessories,4273
389,Q1,Peripherals,Software Suites,2181
390,Q1,Desktops,Software Suites,3932
391,Q1,Peripherals,Accessories,4653
392,Q1,Software,Software Suites,2984
393,Q1,Desktops,Components,1354
394,Q1,Desktops,Accessories,2480
395,Q1,Laptops,Software Suites,2627
396,Q1,Peripherals,Software Suites,4746
397,Q1,Peripherals,Components,4770
398,Q1,Software,Software Suites,3273
399,Q1,Software,Components,4802
400,Q1,Laptops,Software Suites,2745
401,Q1,Laptops,Components,2644
402,Q1,Software,Software Suites,4346
403,Q1,Laptops,Accessories,3669
404,Q1,Software,Accessories,3089
405,Q1,Desktops,Software Suites,2826
406,Q1,Software,Accessories,3822
407,Q1,Peripherals,Accessories,4013
408,Q1,Laptops,Software Suites,2962
409,Q1,Peripherals,Accessories,1126
410,Q1,Peripherals,Components,1407
411,Q1,Peripherals,Accessories,1576
412,Q1,Software,Accessories,2848
413,Q1,Peripherals,Software Suites,3456
414,Q1,Peripherals,Accessories,4215
415,Q1,Desktops,Accessories,1930
416,Q1,Laptops,Software Suites,4146
417,Q1,Peripherals,Software Suites,3664
418,Q1,Software,Accessories,1206
419,Q1,Desktops,Software Suites,2404
420,Q1,Laptops,Components,2210
421,Q1,Desktops,Software Suites,4546
422,Q1,Laptops,Accessories,4684
423,Q1,Desktops,Software Suites,4277
424,Q1,Software,Components,3112
425,Q1,Peripherals,Software Suites,2971
426,Q1,Laptops,Components,2245
427,Q1,Laptops,Software Suites,4091
428,Q1,Peripherals,Components,1345
429,Q1,Desktops,Accessories,2084
430,Q1,Peripherals,Software Suites,1540
431,Q1,Desktops,Software Suites,2977
432,Q1,Laptops,Accessories,2199
433,Q1,Peripherals,Components,1789
434,Q1,Software,Components,2505
435,Q1,Peripherals,Components,4443
436,Q1,Desktops,Software Suites,3232
437,Q1,Laptops,Software Suites,4292
438,Q1,Peripherals,Accessories,4655
439,Q1,Software,Software Suites,4608
440,Q1,Laptops,Components,2404
441,Q1,Software,Software Suites,4509
442,Q1,Peripherals,Software Suites,4637
443,Q1,Software,Components,4838
444,Q1,Desktops,Components,2404
445,Q1,Desktops,Components,1913
446,Q1,Software,Software Suites,3337
447,Q1,Laptops,Components,4727
448,Q1,Desktops,Accessories,4602
449,Q1,Software,Components,3284
450,Q1,Laptops,Accessories,1596
451,Q1,Laptops,Components,2689
452,Q1,Software,Accessories,3856
453,Q1,Peripherals,Accessories,3241
454,Q1,Desktops,Software Suites,2381
455,Q1,Desktops,Accessories,2370
456,Q1,Peripherals,Components,1238
457,Q1,Desktops,Software Suites,2154
458,Q1,Laptops,Software Suites,3677
459,Q1,Peripherals,Components,1965
460,Q1,Desktops,Accessories,4973
461,Q1,Peripherals,Software Suites,1329
462,Q1,Desktops,Software Suites,3355
463,Q1,Software,Components,2986
464,Q1,Peripherals,Accessories,4333
465,Q1,Laptops,Accessories,4551
466,Q1,Peripherals,Accessories,3173
467,Q1,Desktops,Accessories,3520
468,Q1,Peripherals,Software Suites,3795
469,Q1,Laptops,Accessories,3083
470,Q1,Desktops,Accessories,1739
471,Q1,Laptops,Software Suites,2714
472,Q1,Software,Software Suites,1966
473,Q1,Software,Accessories,2857
474,Q1,Desktops,Components,3460
475,Q1,Laptops,Components,1837
476,Q1,Laptops,Components,1997
477,Q1,Peripherals,Software Suites,4291
478,Q1,Desktops,Software Suites,2510
479,Q1,Peripherals,Software Suites,1793
480,Q1,Software,Accessories,3852
481,Q1,Laptops,Accessories,3866
482,Q1,Software,Components,4304
483,Q1,Laptops,Accessories,4039
484,Q1,Software,Components,4967
485,Q1,Peripherals,Accessories,3299
486,Q1,Software,Software Suites,2147
487,Q1,Desktops,Accessories,4451
488,Q1,Laptops,Accessories,2059
489,Q1,Desktops,Accessories,2164
490,Q1,Laptops,Accessories,4313
491,Q1,Laptops,Components,4526
492,Q1,Laptops,Components,2357
493,Q1,Desktops,Software Suites,3917
494,Q1,Software,Accessories,4689
495,Q1,Software,Components,4194
496,Q1,Peripherals,Components,1019
497,Q1,Software,Components,3658
498,Q1,Laptops,Software Suites,1679
499,Q1,Software,Accessories,4385
500,Q1,Peripherals,Components,1268
501,Q1,Desktops,Software Suites,4972
502,Q1,Laptops,Software Suites,1709
503,Q1,Laptops,Components,2680
504,Q1,Software,Components,1936
505,Q1,Software,Software Suites,4255
506,Q1,Desktops,Components,2573
507,Q1,Peripherals,Software Suites,3978
508,Q1,Software,Accessories,1268
509,Q1,Peripherals,Components,2811
510,Q1,Laptops,Accessories,4644
511,Q1,Desktops,Accessories,4707
512,Q1,Laptops,Components,1834
513,Q1,Laptops,Accessories,2577
514,Q1,Laptops,Components,2636
515,Q1,Peripherals,Components,3261
516,Q1,Laptops,Components,3149
517,Q1,Peripherals,Software Suites,1423
518,Q1,Software,Software Suites,4050
519,Q1,Desktops,Components,1903
520,Q1,Software,Accessories,2259
521,Q1,Peripherals,Software Suites,4362
522,Q1,Peripherals,Accessories,3758
523,Q1,Laptops,Components,2586
524,Q1,Software,Components,4649
525,Q1,Software,Accessories,2576
526,Q1,Laptops,Components,3261
527,Q1,Peripherals,Accessories,1983
528,Q1,Laptops,Accessories,1732
529,Q1,Laptops,Components,2966
530,Q1,Desktops,Accessories,3252
531,Q1,Peripherals,Software Suites,4223
532,Q1,Peripherals,Accessories,2563
533,Q1,Software,Components,4580
534,Q1,Desktops,Software Suites,3429
535,Q1,Peripherals,Accessories,1280
536,Q1,Software,Software Suites,3956
537,Q1,Peripherals,Software Suites,3299
538,Q1,Desktops,Software Suites,2557
539,Q1,Peripherals,Accessories,2869
540,Q1,Desktops,Software Suites,2207
541,Q1,Peripherals,Software Suites,3457
542,Q1,Peripherals,Software Suites,3267
543,Q1,Peripherals,Accessories,2789
544,Q1,Laptops,Software Suites,2140
545,Q1,Peripherals,Accessories,2594
546,Q1,Software,Components,2991
547,Q1,Desktops,Components,2887
548,Q1,Desktops,Components,2237
549,Q1,Desktops,Components,3327
550,Q1,Laptops,Accessories,1906
551,Q1,Software,Components,3003
552,Q1,Laptops,Software Suites,1486
553,Q1,Software,Components,2888
554,Q1,Laptops,Accessories,4135
555,Q1,Desktops,Software Suites,4271
556,Q1,Desktops,Accessories,3778
557,Q1,Laptops,Components,3982
558,Q1,Laptops,Components,1263
559,Q1,Laptops,Components,2365
560,Q1,Desktops,Software Suites,3617
561,Q1,Peripherals,Components,4202
562,Q1,Software,Software Suites,3331
563,Q1,Peripherals,Accessories,4414
564,Q1,Laptops,Software Suites,2092
565,Q1,Peripherals,Components,1613
566,Q1,Peripherals,Accessories,1345
567,Q1,Peripherals,Accessories,3330
568,Q1,Desktops,Software Suites,3660
569,Q1,Desktops,Components,2141
570,Q1,Laptops,Components,4134
571,Q1,Software,Accessories,3956
572,Q1,Software,Components,2440
573,Q1,Peripherals,Software Suites,1955
574,Q1,Peripherals,Accessories,3969
575,Q1,Software,Components,3685
576,Q1,Laptops,Components,1683
577,Q1,Desktops,Software Suites,2020
578,Q1,Laptops,Accessories,2943
579,Q1,Peripherals,Components,3044
580,Q1,Peripherals,Software Suites,1663
581,Q1,Laptops,Accessories,4794
582,Q1,Peripherals,Software Suites,2554
583,Q1,Peripherals,Software Suites,2525
584,Q1,Software,Software Suites,1242
585,Q1,Laptops,Components,4502
586,Q1,Desktops,Software Suites,1940
587,Q1,Peripherals,Software Suites,4947
588,Q1,Laptops,Software Suites,2984
589,Q1,Laptops,Components,4499
590,Q1,Laptops,Components,1716
591,Q1,Laptops,Components,1663
592,Q1,Peripherals,Accessories,4204
593,Q1,Laptops,Software Suites,4278
594,Q1,Software,Software Suites,3172
595,Q1,Laptops,Components,1128
596,Q1,Desktops,Accessories,4774
597,Q1,Laptops,Components,2573
598,Q1,Desktops,Components,4743
599,Q1,Desktops,Components,4482
600,Q2,Desktops,Software Suites,4405
601,Q2,Laptops,Software Suites,3755
602,Q2,Desktops,Software Suites,3693
603,Q2,Peripherals,Software Suites,3130
604,Q2,Laptops,Software Suites,1099
605,Q2,Desktops,Components,2551
606,Q2,Software,Components,3922
607,Q2,Desktops,Components,4249
608,Q2,Laptops,Components,3238
609,Q2,Laptops,Software Suites,3838
610,Q2,Laptops,Components,1086
611,Q2,Software,Components,2873
612,Q2,Laptops,Accessories,3030
613,Q2,Software,Software Suites,4569
614,Q2,Desktops,Components,2244
615,Q2,Desktops,Components,1919
616,Q2,Peripherals,Components,2409
617,Q2,Software,Accessories,1681
618,Q2,Peripherals,Components,3233
619,Q2,Peripherals,Software Suites,3571
620,Q2,Software,Components,4204
621,Q2,Software,Accessories,4887
622,Q2,Peripherals,Components,1294
623,Q2,Software,Accessories,1989
624,Q2,Desktops,Components,2202
625,Q2,Peripherals,Components,1998
626,Q2,Software,Accessories,4309
627,Q2,Software,Software Suites,1557
628,Q2,Desktops,Accessories,1118
629,Q2,Software,Software Suites,4442
630,Q2,Desktops,Software Suites,4846
631,Q2,Software,Accessories,1905
632,Q2,Software,Components,2331
633,Q2,Software,Accessories,3012
634,Q2,Peripherals,Accessories,3103
635,Q2,Desktops,Software Suites,4963
636,Q2,Peripherals,Software Suites,2616
637,Q2,Software,Accessories,1048
638,Q2,Laptops,Accessories,2691
639,Q2,Laptops,Accessories,3225
640,Q2,Desktops,Components,3067
641,Q2,Laptops,Accessories,3049
642,Q2,Laptops,Accessories,4690
643,Q2,Software,Components,4229
644,Q2,Laptops,Accessories,2006
645,Q2,Software,Software Suites,2421
646,Q2,Software,Software Suites,3670
647,Q2,Desktops,Software Suites,2641
648,Q2,Laptops,Accessories,2713
649,Q2,Laptops,Software Suites,1671
650,Q2,Software,Software Suites,2017
651,Q2,Desktops,Accessories,3963
652,Q2,Peripherals,Software Suites,4371
653,Q2,Laptops,Components,4138
654,Q2,Desktops,Software Suites,2231
655,Q2,Desktops,Components,1546
656,Q2,Laptops,Software Suites,1638
657,Q2,Desktops,Accessories,2573
658,Q2,Peripherals,Components,3071
659,Q2,Software,Accessories,4571
660,Q2,Peripherals,Accessories,4595
661,Q2,Desktops,Accessories,1010
662,Q2,Peripherals,Components,3830
663,Q2,Peripherals,Accessories,2195
664,Q2,Desktops,Software Suites,1791
665,Q2,Desktops,Components,3220
666,Q2,Desktops,Software Suites,1135
667,Q2,Laptops,Software Suites,2336
668,Q2,Laptops,Accessories,3208
669,Q2,Peripherals,Accessories,2088
670,Q2,Laptops,Components,3373
671,Q2,Desktops,Components,2840
672,Q2,Desktops,Accessories,4197
673,Q2,Peripherals,Software Suites,1726
674,Q2,Desktops,Components,1228
675,Q2,Desktops,Software Suites,3118
676,Q2,Desktops,Accessories,2027
677,Q2,Peripherals,Software Suites,3826
678,Q2,Desktops,Accessories,1373
679,Q2,Laptops,Components,3301
680,Q2,Desktops,Components,4959
681,Q2,Peripherals,Software Suites,1372
682,Q2,Laptops,Accessories,2207
683,Q2,Laptops,Accessories,4377
684,Q2,Peripherals,Components,3134
685,Q2,Laptops,Components,1699
686,Q2,Software,Accessories,1852
687,Q2,Desktops,Accessories,4059
688,Q2,Software,Accessories,4443
689,Q2,Laptops,Components,2442
690,Q2,Laptops,Components,2895
691,Q2,Laptops,Components,4131
692,Q2,Laptops,Software Suites,1707
693,Q2,Laptops,Accessories,1825
694,Q2,Peripherals,Software Suites,4097
695,Q2,Software,Software Suites,1746
696,Q2,Desktops,Accessories,4083
697,Q2,Desktops,Accessories,2988
698,Q2,Peripherals,Accessories,4960
699,Q2,Peripherals,Accessories,1131
700,Q2,Desktops,Components,4783
701,Q2,Desktops,Accessories,1901
702,Q2,Peripherals,Accessories,1140
703,Q2,Peripherals,Components,3896
704,Q2,Peripherals,Software Suites,3130
705,Q2,Desktops,Accessories,4349
706,Q2,Peripherals,Software Suites,1433
707,Q2,Desktops,Components,1323
708,Q2,Software,Software Suites,3268
709,Q2,Software,Accessories,4528
710,Q2,Desktops,Components,2623
711,Q2,Desktops,Software Suites,4190
712,Q2,Desktops,Accessories,4624
713,Q2,Laptops,Software Suites,4478
714,Q2,Laptops,Components,3034
715,Q2,Laptops,Components,3793
716,Q2,Desktops,Components,3102
717,Q2,Software,Components,3696
718,Q2,Peripherals,Accessories,3268
719,Q2,Desktops,Software Suites,3100
720,Q2,Peripherals,Components,2747
721,Q2,Laptops,Software Suites,3611
722,Q2,Laptops,Components,4004
723,Q2,Peripherals,Components,4676
724,Q2,Laptops,Components,3452
725,Q2,Peripherals,Software Suites,1402
726,Q2,Desktops,Software Suites,3349
727,Q2,Peripherals,Software Suites,2263
728,Q2,Software,Components,1107
729,Q2,Desktops,Software Suites,1289
730,Q2,Desktops,Components,3365
731,Q2,Software,Components,4779
732,Q2,Laptops,Software Suites,3022
733,Q2,Laptops,Accessories,2781
734,Q2,Peripherals,Software Suites,1354
735,Q2,Desktops,Accessories,3701
736,Q2,Desktops,Components,1221
737,Q2,Software,Components,4364
738,Q2,Desktops,Components,4265
739,Q2,Laptops,Components,4964
740,Q2,Laptops,Components,2137
741,Q2,Laptops,Components,1647
742,Q2,Desktops,Components,2198
743,Q2,Software,Components,4198
744,Q2,Laptops,Software Suites,1875
745,Q2,Software,Components,4549
746,Q2,Desktops,Components,1616
747,Q2,Software,Software Suites,1195
748,Q2,Software,Software Suites,1877
749,Q2,Peripherals,Accessories,4016
750,Q2,Laptops,Software Suites,3409
751,Q2,Peripherals,Accessories,2418
752,Q2,Peripherals,Accessories,3624
753,Q2,Laptops,Software Suites,3594
754,Q2,Desktops,Accessories,3218
755,Q2,Software,Software Suites,3056
756,Q2,Desktops,Software Suites,1405
757,Q2,Software,Software Suites,2038
758,Q2,Peripherals,Software Suites,3110
759,Q2,Desktops,Software Suites,1540
760,Q2,Peripherals,Accessories,2903
761,Q2,Desktops,Software Suites,1467
762,Q2,Laptops,Accessories,4148
763,Q2,Laptops,Accessories,1413
764,Q2,Software,Accessories,1370
765,Q2,Laptops,Components,3551
766,Q2,Desktops,Software Suites,1882
767,Q2,Software,Accessories,2405
768,Q2,Peripherals,Software Suites,2257
769,Q2,Software,Components,1866
770,Q2,Desktops,Components,4047
771,Q2,Laptops,Software Suites,3767
772,Q2,Peripherals,Components,1955
773,Q2,Desktops,Components,3747
774,Q2,Laptops,Software Suites,3853
775,Q2,Laptops,Components,3156
776,Q2,Software,Components,3313
777,Q2,Peripherals,Accessories,4739
778,Q2,Software,Accessories,2815
779,Q2,Laptops,Accessories,2541
780,Q2,Laptops,Accessories,3156
781,Q2,Desktops,Accessories,4343
782,Q2,Peripherals,Software Suites,3838
783,Q2,Peripherals,Accessories,1300
784,Q2,Software,Components,2837
785,Q2,Desktops,Software Suites,3959
786,Q2,Peripherals,Software Suites,1895
787,Q2,Desktops,Components,4953
788,Q2,Desktops,Accessories,4232
789,Q2,Peripherals,Software Suites,4386
790,Q2,Peripherals,Accessories,1326
791,Q2,Software,Software Suites,3318
792,Q2,Desktops,Software Suites,3111
793,Q2,Laptops,Accessories,3507
794,Q2,Software,Software Suites,4401
795,Q2,Software,Accessories,2413
796,Q2,Laptops,Accessories,3135
797,Q2,Software,Software Suites,3717
798,Q2,Software,Software Suites,4012
799,Q2,Software,Accessories,4081
800,Q2,Peripherals,Software Suites,2347
801,Q2,Software,Software Suites,4992
802,Q2,Desktops,Software Suites,1038
803,Q2,Laptops,Accessories,2969
804,Q2,Desktops,Accessories,3435
805,Q2,Laptops,Software Suites,1245
806,Q2,Desktops,Software Suites,2804
807,Q2,Peripherals,Software Suites,3383
808,Q2,Software,Components,3430
809,Q2,Laptops,Accessories,1476
810,Q2,Peripherals,Software Suites,2110
811,Q2,Laptops,Accessories,1979
812,Q2,Desktops,Components,3559
813,Q2,Software,Software Suites,2315
814,Q2,Laptops,Components,3285
815,Q2,Laptops,Accessories,3924
816,Q2,Peripherals,Accessories,4189
817,Q2,Peripherals,Components,1735
818,Q2,Desktops,Software Suites,4614
819,Q2,Laptops,Components,1663
820,Q2,Peripherals,Software Suites,1087
821,Q2,Desktops,Accessories,1179
822,Q2,Peripherals,Software Suites,1804
823,Q2,Desktops,Software Suites,4492
824,Q2,Desktops,Components,1831
825,Q2,Peripherals,Software Suites,3774
826,Q2,Desktops,Components,2673
827,Q2,Laptops,Components,1159
828,Q2,Laptops,Software Suites,2776
829,Q2,Peripherals,Software Suites,1113
830,Q2,Peripherals,Software Suites,2904
831,Q2,Peripherals,Accessories,3234
832,Q2,Software,Software Suites,3085
833,Q2,Peripherals,Accessories,2130
834,Q2,Laptops,Components,4066
835,Q2,Laptops,Components,3386
836,Q2,Laptops,Components,2019
837,Q2,Peripherals,Software Suites,2738
838,Q2,Peripherals,Software Suites,1434
839,Q2,Laptops,Accessories,4693
840,Q2,Software,Accessories,4012
841,Q2,Desktops,Accessories,2151
842,Q2,Laptops,Software Suites,3699
843,Q2,Peripherals,Components,3716
844,Q2,Peripherals,Software Suites,3438
845,Q2,Peripherals,Software Suites,1216
846,Q2,Peripherals,Software Suites,4514
847,Q2,Peripherals,Accessories,4823
848,Q2,Laptops,Accessories,4896
849,Q2,Desktops,Components,4923
850,Q2,Laptops,Components,4715
851,Q2,Laptops,Software Suites,3956
852,Q2,Laptops,Accessories,1227
853,Q2,Peripherals,Components,2860
854,Q2,Software,Accessories,1980
855,Q2,Laptops,Accessories,1879
856,Q2,Peripherals,Accessories,4322
857,Q2,Peripherals,Accessories,4250
858,Q2,Desktops,Components,3088
859,Q2,Laptops,Components,3945
860,Q2,Laptops,Components,1517
861,Q2,Laptops,Components,1887
862,Q2,Peripherals,Software Suites,4441
863,Q2,Laptops,Software Suites,2804
864,Q2,Laptops,Components,3186
865,Q2,Desktops,Components,2851
866,Q2,Laptops,Software Suites,1808
867,Q2,Laptops,Software Suites,4305
868,Q2,Software,Accessories,4033
869,Q2,Peripherals,Software Suites,3735
870,Q2,Software,Accessories,2412
871,Q2,Peripherals,Components,3572
872,Q2,Peripherals,Components,4813
873,Q2,Peripherals,Components,3599
874,Q2,Desktops,Accessories,2977
875,Q2,Desktops,Software Suites,2081
876,Q2,Desktops,Accessories,3091
877,Q2,Desktops,Accessories,2486
878,Q2,Desktops,Software Suites,3445
879,Q2,Desktops,Software Suites,1182
880,Q2,Peripherals,Accessories,1760
881,Q2,Laptops,Software Suites,4147
882,Q2,Software,Software Suites,2522
883,Q2,Peripherals,Accessories,2731
884,Q2,Laptops,Components,3175
885,Q2,Desktops,Components,2752
886,Q2,Peripherals,Accessories,4034
887,Q2,Peripherals,Accessories,1981
888,Q2,Peripherals,Accessories,4033
889,Q2,Software,Accessories,1837
890,Q2,Peripherals,Components,2482
891,Q2,Desktops,Components,3351
892,Q2,Desktops,Accessories,4543
893,Q2,Laptops,Accessories,1930
894,Q2,Desktops,Accessories,3349
895,Q2,Desktops,Software Suites,1256
896,Q2,Desktops,Accessories,1301
897,Q2,Peripherals,Software Suites,4070
898,Q2,Peripherals,Components,3875
899,Q2,Desktops,Software Suites,2505
900,Q2,Peripherals,Components,3491
901,Q2,Peripherals,Accessories,2520
902,Q2,Peripherals,Components,2108
903,Q2,Laptops,Accessories,2725
904,Q2,Software,Accessories,2247
905,Q2,Desktops,Accessories,4260
906,Q2,Software,Accessories,2646
907,Q2,Peripherals,Accessories,2283
908,Q2,Software,Accessories,3144
909,Q2,Peripherals,Software Suites,4032
910,Q2,Laptops,Components,2094
911,Q2,Peripherals,Components,4758
912,Q2,Software,Software Suites,2854
913,Q2,Laptops,Accessories,3643
914,Q2,Desktops,Components,4828
915,Q2,Software,Software Suites,2726
916,Q2,Desktops,Components,1799
917,Q2,Laptops,Components,3991
918,Q2,Software,Accessories,1026
919,Q2,Desktops,Accessories,2831
920,Q2,Laptops,Accessories,4919
921,Q2,Desktops,Accessories,2657
922,Q2,Software,Software Suites,3736
923,Q2,Peripherals,Components,3101
924,Q2,Peripherals,Components,1858
925,Q2,Laptops,Software Suites,2270
926,Q2,Desktops,Accessories,3094
927,Q2,Software,Accessories,1417
928,Q2,Software,Components,2659
929,Q2,Desktops,Software Suites,2659
930,Q2,Desktops,Components,4339
931,Q2,Desktops,Software Suites,1495
932,Q2,Software,Accessories,4370
933,Q2,Desktops,Software Suites,2641
934,Q2,Software,Accessories,3605
935,Q2,Laptops,Accessories,3227
936,Q2,Peripherals,Components,2199
937,Q2,Peripherals,Accessories,4722
938,Q2,Software,Software Suites,1897
939,Q2,Desktops,Software Suites,1144
940,Q2,Desktops,Components,4000
941,Q2,Software,Accessories,3485
942,Q2,Laptops,Accessories,4562
943,Q2,Software,Components,2830
944,Q2,Peripherals,Components,1067
945,Q2,Peripherals,Software Suites,1081
946,Q2,Laptops,Components,2733
947,Q2,Peripherals,Accessories,1998
948,Q2,Laptops,Accessories,4688
949,Q2,Software,Software Suites,1473
950,Q2,Peripherals,Accessories,4523
951,Q2,Software,Software Suites,1867
952,Q2,Desktops,Accessories,1477
953,Q2,Software,Software Suites,2098
954,Q2,Laptops,Software Suites,1576
955,Q2,Desktops,Components,2605
956,Q2,Software,Accessories,2321
957,Q2,Desktops,Software Suites,3116
958,Q2,Laptops,Accessories,3148
959,Q2,Software,Components,1003
960,Q2,Peripherals,Software Suites,1499
961,Q2,Software,Software Suites,1647
962,Q2,Laptops,Accessories,1778
963,Q2,Peripherals,Software Suites,1374
964,Q2,Laptops,Accessories,2258
965,Q2,Desktops,Software Suites,3198
966,Q2,Desktops,Components,2235
967,Q2,Software,Accessories,2316
968,Q2,Laptops,Components,2878
969,Q2,Peripherals,Accessories,3193
970,Q2,Software,Software Suites,2323
971,Q2,Software,Accessories,1887
972,Q2,Software,Accessories,2637
973,Q2,Software,Components,1096
974,Q2,Peripherals,Software Suites,2970
975,Q2,Peripherals,Components,4765
976,Q2,Peripherals,Components,2591
977,Q2,Desktops,Components,1433
978,Q2,Software,Software Suites,3828
979,Q2,Desktops,Components,1507
980,Q2,Desktops,Software Suites,1774
981,Q2,Desktops,Software Suites,1586
982,Q2,Desktops,Software Suites,4534
983,Q2,Desktops,Software Suites,4925
984,Q2,Desktops,Software Suites,3278
985,Q2,Desktops,Accessories,3470
986,Q2,Desktops,Software Suites,3581
987,Q2,Software,Software Suites,3441
988,Q2,Peripherals,Accessories,3176
989,Q2,Laptops,Software Suites,4946
990,Q2,Software,Accessories,3932
991,Q2,Desktops,Components,1353
992,Q2,Peripherals,Software Suites,2567
993,Q2,Software,Accessories,4898
994,Q2,Desktops,Components,2614
995,Q2,Desktops,Software Suites,1816
996,Q2,Desktops,Components,4473
997,Q2,Software,Software Suites,3492
998,Q2,Laptops,Accessories,3250
999,Q2,Desktops,Software Suites,2680
1000,Q2,Laptops,Software Suites,1497
1001,Q2,Desktops,Software Suites,2535
1002,Q2,Desktops,Accessories,2749
1003,Q2,Laptops,Software Suites,4724
1004,Q2,Peripherals,Components,2229
1005,Q2,Laptops,Components,1596
1006,Q2,Laptops,Components,2710
1007,Q2,Desktops,Components,4988
1008,Q2,Desktops,Components,2928
1009,Q2,Desktops,Components,2516
1010,Q2,Software,Accessories,3667
1011,Q2,Laptops,Software Suites,3595
1012,Q2,Peripherals,Accessories,2197
1013,Q2,Software,Accessories,4871
1014,Q2,Desktops,Components,3371
1015,Q2,Laptops,Components,1230
1016,Q2,Software,Components,2630
1017,Q2,Software,Software Suites,4691
1018,Q2,Peripherals,Accessories,2573
1019,Q2,Peripherals,Accessories,3271
1020,Q2,Peripherals,Components,3450
1021,Q2,Peripherals,Software Suites,3817
1022,Q2,Laptops,Components,4489
1023,Q2,Laptops,Components,1596
1024,Q2,Laptops,Components,3066
1025,Q2,Peripherals,Software Suites,3133
1026,Q2,Peripherals,Components,1609
1027,Q2,Software,Software Suites,3694
1028,Q2,Desktops,Software Suites,1472
1029,Q2,Software,Accessories,2824
1030,Q2,Software,Accessories,2320
1031,Q2,Peripherals,Software Suites,1619
1032,Q2,Desktops,Accessories,4289
1033,Q2,Software,Components,1976
1034,Q2,Peripherals,Accessories,2020
1035,Q2,Desktops,Components,4417
1036,Q2,Laptops,Accessories,4509
1037,Q2,Peripherals,Components,1137
1038,Q2,Software,Software Suites,2111
1039,Q2,Laptops,Software Suites,3835
1040,Q2,Desktops,Software Suites,4112
1041,Q2,Laptops,Accessories,4997
1042,Q2,Software,Components,3218
1043,Q2,Software,Accessories,1029
1044,Q2,Desktops,Software Suites,4494
1045,Q2,Peripherals,Software Suites,1644
1046,Q2,Peripherals,Accessories,1483
1047,Q2,Desktops,Components,3696
1048,Q2,Desktops,Components,3415
1049,Q2,Peripherals,Components,1239
1050,Q2,Desktops,Components,1677
1051,Q2,Software,Accessories,3359
1052,Q2,Desktops,Components,2021
1053,Q2,Laptops,Components,3736
1054,Q2,Peripherals,Software Suites,2647
1055,Q2,Laptops,Software Suites,3352
1056,Q2,Software,Software Suites,2899
1057,Q2,Laptops,Accessories,2460
1058,Q2,Software,Software Suites,2369
1059,Q2,Software,Components,3789
1060,Q2,Laptops,Components,3057
1061,Q2,Desktops,Software Suites,3377
1062,Q2,Peripherals,Software Suites,3309
1063,Q2,Desktops,Accessories,1830
1064,Q2,Laptops,Components,4652
1065,Q2,Software,Software Suites,3252
1066,Q2,Laptops,Components,3872
1067,Q2,Desktops,Accessories,4527
1068,Q2,Software,Components,4698
1069,Q2,Peripherals,Software Suites,3667
1070,Q2,Desktops,Accessories,4148
1071,Q2,Peripherals,Software Suites,2887
1072,Q2,Laptops,Software Suites,3951
1073,Q2,Desktops,Software Suites,2286
1074,Q2,Software,Accessories,3847
1075,Q2,Peripherals,Accessories,1343
1076,Q2,Desktops,Components,4657
1077,Q2,Peripherals,Components,1978
1078,Q2,Software,Components,3626
1079,Q2,Laptops,Software Suites,1044
1080,Q2,Laptops,Software Suites,1622
1081,Q2,Laptops,Accessories,4946
1082,Q2,Laptops,Software Suites,4333
1083,Q2,Desktops,Accessories,1889
1084,Q2,Peripherals,Components,1523
1085,Q2,Laptops,Accessories,4259
1086,Q2,Laptops,Components,4960
1087,Q2,Laptops,Software Suites,1674
1088,Q2,Desktops,Components,3655
1089,Q2,Peripherals,Software Suites,2134
1090,Q2,Desktops,Accessories,3977
1091,Q2,Software,Components,2673
1092,Q2,Laptops,Components,1501
1093,Q2,Software,Software Suites,2297
1094,Q2,Software,Software Suites,3154
1095,Q2,Peripherals,Components,4193
1096,Q2,Laptops,Accessories,1084
1097,Q2,Laptops,Components,4830
1098,Q2,Peripherals,Accessories,3598
1099,Q2,Software,Components,4501
1100,Q2,Software,Accessories,4720
1101,Q2,Software,Components,1614
1102,Q2,Laptops,Accessories,1374
1103,Q2,Peripherals,Accessories,4106
1104,Q2,Software,Accessories,1751
1105,Q2,Peripherals,Software Suites,1591
1106,Q2,Peripherals,Software Suites,2874
1107,Q2,Laptops,Software Suites,4653
1108,Q2,Laptops,Accessories,4182
1109,Q2,Peripherals,Components,3071
1110,Q2,Desktops,Software Suites,1785
1111,Q2,Peripherals,Components,2345
1112,Q2,Peripherals,Accessories,3753
1113,Q2,Software,Accessories,1628
1114,Q2,Peripherals,Accessories,3097
1115,Q2,Software,Software Suites,1047
1116,Q2,Laptops,Accessories,2300
1117,Q2,Desktops,Software Suites,1991
1118,Q2,Desktops,Software Suites,3724
1119,Q2,Software,Software Suites,4656
1120,Q2,Peripherals,Software Suites,1585
1121,Q2,Peripherals,Accessories,4189
1122,Q2,Software,Software Suites,3623
1123,Q2,Peripherals,Accessories,4879
1124,Q2,Laptops,Accessories,4646
1125,Q2,Laptops,Accessories,1403
1126,Q2,Laptops,Accessories,3972
1127,Q2,Desktops,Accessories,3368
1128,Q2,Desktops,Accessories,1452
1129,Q2,Desktops,Accessories,2028
1130,Q2,Software,Components,4707
1131,Q2,Desktops,Accessories,3171
1132,Q2,Laptops,Accessories,2353
1133,Q2,Laptops,Software Suites,2281
1134,Q2,Desktops,Accessories,4351
1135,Q2,Peripherals,Accessories,2133
1136,Q2,Desktops,Accessories,1635
1137,Q2,Software,Accessories,3295
1138,Q2,Desktops,Components,4970
1139,Q2,Desktops,Software Suites,1733
1140,Q2,Laptops,Software Suites,2021
1141,Q2,Software,Components,2876
1142,Q2,Laptops,Accessories,1799
1143,Q2,Laptops,Software Suites,3603
1144,Q2,Software,Accessories,2014
1145,Q2,Software,Components,1512
1146,Q2,Desktops,Components,2045
1147,Q2,Laptops,Software Suites,4722
1148,Q2,Desktops,Accessories,4739
1149,Q2,Laptops,Components,3022
1150,Q2,Software,Components,2601
1151,Q2,Desktops,Components,4278
1152,Q2,Software,Software Suites,1777
1153,Q2,Laptops,Software Suites,3615
1154,Q2,Software,Components,3720
1155,Q2,Desktops,Components,3840
1156,Q2,Peripherals,Software Suites,1871
1157,Q2,Laptops,Components,3864
1158,Q2,Software,Accessories,3447
1159,Q2,Software,Components,4500
1160,Q2,Desktops,Accessories,1697
1161,Q2,Software,Accessories,3454
1162,Q2,Laptops,Components,4318
1163,Q2,Desktops,Software Suites,2112
1164,Q2,Desktops,Software Suites,3975
1165,Q2,Peripherals,Accessories,1398
1166,Q2,Peripherals,Components,3872
1167,Q2,Software,Accessories,3425
1168,Q2,Laptops,Software Suites,1770
1169,Q2,Laptops,Accessories,1265
1170,Q2,Desktops,Software Suites,3981
1171,Q2,Desktops,Software Suites,1965
1172,Q2,Software,Software Suites,2989
1173,Q2,Peripherals,Accessories,1242
1174,Q2,Peripherals,Software Suites,4853
1175,Q2,Software,Software Suites,3195
1176,Q2,Software,Components,4726
1177,Q2,Peripherals,Software Suites,1641
1178,Q2,Software,Software Suites,1823
1179,Q2,Peripherals,Accessories,3441
1180,Q2,Desktops,Software Suites,3417
1181,Q2,Laptops,Software Suites,4163
1182,Q2,Desktops,Accessories,4712
1183,Q2,Software,Accessories,4287
1184,Q2,Software,Software Suites,1560
1185,Q2,Software,Accessories,2238
1186,Q2,Peripherals,Components,4655
1187,Q2,Desktops,Software Suites,3195
1188,Q2,Desktops,Components,4468
1189,Q2,Peripherals,Software Suites,3252
1190,Q2,Software,Accessories,1198
1191,Q2,Software,Accessories,2891
1192,Q2,Peripherals,Software Suites,4298
1193,Q2,Desktops,Components,3620
1194,Q2,Desktops,Accessories,1531
1195,Q2,Desktops,Accessories,1840
1196,Q2,Desktops,Components,4417
1197,Q2,Laptops,Components,4916
1198,Q2,Laptops,Accessories,4011
1199,Q2,Desktops,Components,1392
1200,Q3,Laptops,Components,3476
1201,Q3,Software,Components,4316
1202,Q3,Laptops,Accessories,3560
1203,Q3,Laptops,Components,3376
1204,Q3,Desktops,Software Suites,2869
1205,Q3,Laptops,Accessories,1979
1206,Q3,Desktops,Accessories,2123
1207,Q3,Desktops,Software Suites,3982
1208,Q3,Software,Components,1279
1209,Q3,Laptops,Software Suites,1337
1210,Q3,Desktops,Components,2586
1211,Q3,Laptops,Software Suites,4097
1212,Q3,Software,Components,3628
1213,Q3,Laptops,Accessories,3359
1214,Q3,Peripherals,Software Suites,3136
1215,Q3,Peripherals,Components,1443
1216,Q3,Desktops,Accessories,2327
1217,Q3,Desktops,Components,1318
1218,Q3,Laptops,Components,4032
1219,Q3,Software,Accessories,4003
1220,Q3,Desktops,Software Suites,2032
1221,Q3,Desktops,Accessories,2171
1222,Q3,Laptops,Accessories,2269
1223,Q3,Desktops,Components,4557
1224,Q3,Software,Software Suites,2954
1225,Q3,Laptops,Software Suites,4048
1226,Q3,Peripherals,Software Suites,2795
1227,Q3,Laptops,Accessories,3792
1228,Q3,Peripherals,Software Suites,3113
1229,Q3,Software,Software Suites,2114
1230,Q3,Laptops,Components,4505
1231,Q3,Desktops,Components,3835
1232,Q3,Laptops,Accessories,4077
1233,Q3,Desktops,Software Suites,4792
1234,Q3,Desktops,Software Suites,1995
1235,Q3,Software,Components,1366
1236,Q3,Peripherals,Components,3329
1237,Q3,Peripherals,Components,2304
1238,Q3,Software,Accessories,2743
1239,Q3,Peripherals,Components,1938
1240,Q3,Desktops,Software Suites,2593
1241,Q3,Laptops,Software Suites,2573
1242,Q3,Laptops,Software Suites,2402
1243,Q3,Software,Components,3969
1244,Q3,Laptops,Software Suites,3370
1245,Q3,Laptops,Components,2896
1246,Q3,Laptops,Components,1450
1247,Q3,Software,Components,3282
1248,Q3,Software,Software Suites,1700
1249,Q3,Laptops,Software Suites,2256
1250,Q3,Peripherals,Accessories,2659
1251,Q3,Software,Accessories,1565
1252,Q3,Peripherals,Components,2557
1253,Q3,Laptops,Components,2067
1254,Q3,Desktops,Software Suites,4399
1255,Q3,Peripherals,Components,4438
1256,Q3,Peripherals,Components,1018
1257,Q3,Desktops,Software Suites,3409
1258,Q3,Desktops,Components,3562
1259,Q3,Laptops,Components,2511
1260,Q3,Software,Components,2876
1261,Q3,Laptops,Components,4159
1262,Q3,Software,Software Suites,2511
1263,Q3,Laptops,Software Suites,1257
1264,Q3,Peripherals,Components,2490
1265,Q3,Peripherals,Components,2015
1266,Q3,Peripherals,Components,2530
1267,Q3,Software,Accessories,1920
1268,Q3,Laptops,Components,1599
1269,Q3,Peripherals,Accessories,4941
1270,Q3,Software,Accessories,1515
1271,Q3,Peripherals,Accessories,3824
1272,Q3,Laptops,Components,3870
1273,Q3,Desktops,Accessories,3471
1274,Q3,Laptops,Components,4645
1275,Q3,Desktops,Components,1019
1276,Q3,Desktops,Components,2206
1277,Q3,Laptops,Software Suites,1737
1278,Q3,Peripherals,Components,3307
1279,Q3,Laptops,Software Suites,3542
1280,Q3,Desktops,Software Suites,4591
1281,Q3,Desktops,Accessories,2518
1282,Q3,Software,Accessories,1943
1283,Q3,Laptops,Components,4697
1284,Q3,Software,Software Suites,3691
1285,Q3,Peripherals,Accessories,4058
1286,Q3,Laptops,Accessories,2779
1287,Q3,Peripherals,Software Suites,2789
1288,Q3,Peripherals,Software Suites,2556
1289,Q3,Desktops,Accessories,3998
1290,Q3,Peripherals,Components,1842
1291,Q3,Laptops,Components,4901
1292,Q3,Software,Accessories,1703
1293,Q3,Peripherals,Accessories,2843
1294,Q3,Laptops,Components,2258
1295,Q3,Desktops,Components,3570
1296,Q3,Software,Accessories,3722
1297,Q3,Desktops,Components,4674
1298,Q3,Desktops,Accessories,4156
1299,Q3,Peripherals,Software Suites,1994
1300,Q3,Laptops,Accessories,1826
1301,Q3,Software,Accessories,4546
1302,Q3,Desktops,Accessories,2951
1303,Q3,Laptops,Software Suites,1390
1304,Q3,Desktops,Software Suites,4299
1305,Q3,Desktops,Components,3593
1306,Q3,Software,Accessories,1102
1307,Q3,Peripherals,Software Suites,4131
1308,Q3,Software,Components,3429
1309,Q3,Laptops,Software Suites,3458
1310,Q3,Desktops,Components,4459
1311,Q3,Software,Software Suites,2982
1312,Q3,Laptops,Software Suites,2845
1313,Q3,Laptops,Accessories,3469
1314,Q3,Laptops,Software Suites,1791
1315,Q3,Software,Accessories,1606
1316,Q3,Desktops,Components,4375
1317,Q3,Desktops,Accessories,1862
1318,Q3,Software,Software Suites,3017
1319,Q3,Software,Accessories,2079
1320,Q3,Peripherals,Components,1921
1321,Q3,Software,Components,3391
1322,Q3,Desktops,Software Suites,4209
1323,Q3,Laptops,Software Suites,2767
1324,Q3,Laptops,Accessories,1554
1325,Q3,Peripherals,Software Suites,1977
1326,Q3,Desktops,Accessories,1658
1327,Q3,Peripherals,Components,4531
1328,Q3,Desktops,Components,2278
1329,Q3,Software,Components,2495
1330,Q3,Software,Software Suites,1284
1331,Q3,Desktops,Software Suites,2784
1332,Q3,Software,Components,4655
1333,Q3,Laptops,Software Suites,2638
1334,Q3,Desktops,Accessories,3604
1335,Q3,Laptops,Accessories,1727
1336,Q3,Desktops,Components,1571
1337,Q3,Software,Components,3926
1338,Q3,Laptops,Software Suites,1262
1339,Q3,Software,Software Suites,2793
1340,Q3,Desktops,Accessories,2266
1341,Q3,Peripherals,Accessories,1065
1342,Q3,Peripherals,Software Suites,3124
1343,Q3,Desktops,Components,4856
1344,Q3,Peripherals,Accessories,1276
1345,Q3,Laptops,Software Suites,4263
1346,Q3,Laptops,Components,3156
1347,Q3,Desktops,Software Suites,3894
1348,Q3,Desktops,Software Suites,1386
1349,Q3,Desktops,Software Suites,4476
1350,Q3,Peripherals,Components,1045
1351,Q3,Software,Software Suites,4627
1352,Q3,Software,Software Suites,3631
1353,Q3,Laptops,Accessories,2349
1354,Q3,Peripherals,Accessories,1028
1355,Q3,Software,Accessories,3443
1356,Q3,Software,Components,1349
1357,Q3,Peripherals,Components,3435
1358,Q3,Peripherals,Accessories,4092
1359,Q3,Software,Components,2069
1360,Q3,Peripherals,Accessories,1954
1361,Q3,Peripherals,Components,1887
1362,Q3,Software,Components,1899
1363,Q3,Peripherals,Components,1455
1364,Q3,Desktops,Components,1998
1365,Q3,Peripherals,Components,3637
1366,Q3,Software,Software Suites,2210
1367,Q3,Software,Software Suites,4123
1368,Q3,Laptops,Software Suites,4277
1369,Q3,Desktops,Components,4043
1370,Q3,Laptops,Components,3158
1371,Q3,Software,Accessories,2265
1372,Q3,Software,Components,4719
1373,Q3,Software,Accessories,1821
1374,Q3,Laptops,Components,2858
1375,Q3,Laptops,Accessories,2814
1376,Q3,Laptops,Components,3982
1377,Q3,Laptops,Software Suites,3187
1378,Q3,Desktops,Software Suites,4198
1379,Q3,Desktops,Components,4676
1380,Q3,Laptops,Accessories,2562
1381,Q3,Software,Accessories,4499
1382,Q3,Software,Accessories,1678
1383,Q3,Laptops,Software Suites,4664
1384,Q3,Software,Software Suites,1711
1385,Q3,Peripherals,Components,4401
1386,Q3,Desktops,Accessories,2560
1387,Q3,Software,Accessories,4858
1388,Q3,Laptops,Software Suites,1516
1389,Q3,Laptops,Accessories,2861
1390,Q3,Software,Accessories,4607
1391,Q3,Desktops,Accessories,1189
1392,Q3,Laptops,Accessories,2060
1393,Q3,Desktops,Components,1334
1394,Q3,Peripherals,Software Suites,2285
1395,Q3,Desktops,Accessories,2561
1396,Q3,Desktops,Software Suites,3475
1397,Q3,Desktops,Accessories,2030
1398,Q3,Peripherals,Accessories,1634
1399,Q3,Software,Accessories,1679
1400,Q3,Laptops,Software Suites,4753
1401,Q3,Peripherals,Components,4812
1402,Q3,Software,Software Suites,1885
1403,Q3,Software,Accessories,1781
1404,Q3,Peripherals,Accessories,1216
1405,Q3,Peripherals,Software Suites,4837
1406,Q3,Software,Accessories,3824
1407,Q3,Laptops,Accessories,4043
1408,Q3,Peripherals,Components,2162
1409,Q3,Software,Components,3563
1410,Q3,Peripherals,Accessories,1239
1411,Q3,Desktops,Components,3704
1412,Q3,Software,Software Suites,3318
1413,Q3,Laptops,Components,2325
1414,Q3,Desktops,Components,3841
1415,Q3,Laptops,Accessories,3585
1416,Q3,Desktops,Components,2755
1417,Q3,Software,Software Suites,1746
1418,Q3,Laptops,Components,1094
1419,Q3,Software,Software Suites,4750
1420,Q3,Laptops,Accessories,2125
1421,Q3,Laptops,Accessories,2207
1422,Q3,Desktops,Components,3724
1423,Q3,Desktops,Accessories,2020
1424,Q3,Software,Components,2503
1425,Q3,Laptops,Software Suites,3844
1426,Q3,Desktops,Components,3381
1427,Q3,Laptops,Components,3625
1428,Q3,Software,Software Suites,1018
1429,Q3,Laptops,Accessories,2805
1430,Q3,Software,Software Suites,2901
1431,Q3,Peripherals,Accessories,3529
1432,Q3,Peripherals,Software Suites,1605
1433,Q3,Desktops,Components,1637
1434,Q3,Software,Accessories,4049
1435,Q3,Peripherals,Software Suites,3693
1436,Q3,Software,Accessories,4244
1437,Q3,Desktops,Components,2082
1438,Q3,Software,Software Suites,4990
1439,Q3,Laptops,Software Suites,2091
1440,Q3,Laptops,Software Suites,3603
1441,Q3,Desktops,Components,1648
1442,Q3,Laptops,Components,4674
1443,Q3,Software,Accessories,2329
1444,Q3,Peripherals,Software Suites,4209
1445,Q3,Peripherals,Components,2325
1446,Q3,Laptops,Software Suites,4163
1447,Q3,Laptops,Components,2816
1448,Q3,Desktops,Software Suites,1249
1449,Q3,Peripherals,Accessories,1761
1450,Q3,Software,Software Suites,3733
1451,Q3,Peripherals,Accessories,1772
1452,Q3,Peripherals,Accessories,2101
1453,Q3,Peripherals,Components,3166
1454,Q3,Desktops,Components,2012
1455,Q3,Peripherals,Software Suites,1515
1456,Q3,Laptops,Components,3497
1457,Q3,Software,Accessories,3755
1458,Q3,Software,Accessories,3932
1459,Q3,Desktops,Components,4775
1460,Q3,Laptops,Components,1497
1461,Q3,Software,Components,2707
1462,Q3,Peripherals,Accessories,1935
1463,Q3,Peripherals,Components,4604
1464,Q3,Laptops,Components,3159
1465,Q3,Peripherals,Software Suites,1393
1466,Q3,Desktops,Components,3768
1467,Q3,Software,Software Suites,1171
1468,Q3,Laptops,Accessories,2096
1469,Q3,Peripherals,Software Suites,3885
1470,Q3,Laptops,Accessories,3024
1471,Q3,Desktops,Accessories,4044
1472,Q3,Software,Software Suites,3284
1473,Q3,Peripherals,Components,4372
1474,Q3,Laptops,Components,3250
1475,Q3,Software,Components,1227
1476,Q3,Software,Software Suites,1285
1477,Q3,Software,Accessories,4107
1478,Q3,Peripherals,Accessories,1154
1479,Q3,Software,Accessories,2506
1480,Q3,Peripherals,Software Suites,1064
1481,Q3,Peripherals,Accessories,2213
1482,Q3,Software,Components,3380
1483,Q3,Peripherals,Components,1692
1484,Q3,Software,Accessories,2864
1485,Q3,Laptops,Components,4984
1486,Q3,Peripherals,Accessories,1281
1487,Q3,Peripherals,Accessories,1254
1488,Q3,Peripherals,Accessories,2084
1489,Q3,Desktops,Software Suites,4308
1490,Q3,Software,Components,2623
1491,Q3,Software,Software Suites,3557
1492,Q3,Peripherals,Components,1135
1493,Q3,Software,Accessories,3940
1494,Q3,Software,Components,1269
1495,Q3,Software,Software Suites,3846
1496,Q3,Desktops,Components,1591
1497,Q3,Laptops,Accessories,4433
1498,Q3,Software,Accessories,2184
1499,Q3,Laptops,Software Suites,1735
1500,Q3,Desktops,Components,2346
1501,Q3,Software,Software Suites,1003
1502,Q3,Peripherals,Components,1660
1503,Q3,Software,Accessories,3394
1504,Q3,Desktops,Software Suites,2203
1505,Q3,Peripherals,Software Suites,2415
1506,Q3,Laptops,Software Suites,4228
1507,Q3,Software,Software Suites,1495
1508,Q3,Laptops,Accessories,2583
1509,Q3,Desktops,Software Suites,1744
1510,Q3,Software,Accessories,2931
1511,Q3,Peripherals,Software Suites,2326
1512,Q3,Desktops,Accessories,1184
1513,Q3,Software,Components,1280
1514,Q3,Peripherals,Software Suites,4409
1515,Q3,Laptops,Accessories,1227
1516,Q3,Software,Accessories,4130
1517,Q3,Peripherals,Software Suites,4664
1518,Q3,Software,Accessories,2863
1519,Q3,Software,Components,2248
1520,Q3,Laptops,Software Suites,4105
1521,Q3,Desktops,Components,4928
1522,Q3,Peripherals,Components,1481
1523,Q3,Peripherals,Components,4857
1524,Q3,Desktops,Components,4774
1525,Q3,Peripherals,Components,1570
1526,Q3,Software,Components,1218
1527,Q3,Peripherals,Accessories,3859
1528,Q3,Peripherals,Components,1310
1529,Q3,Laptops,Software Suites,3403
1530,Q3,Peripherals,Software Suites,1259
1531,Q3,Peripherals,Accessories,3762
1532,Q3,Laptops,Software Suites,1926
1533,Q3,Peripherals,Software Suites,1384
1534,Q3,Laptops,Accessories,1266
1535,Q3,Peripherals,Software Suites,1754
1536,Q3,Peripherals,Components,3163
1537,Q3,Peripherals,Components,1306
1538,Q3,Desktops,Software Suites,4209
1539,Q3,Desktops,Components,3416
1540,Q3,Software,Components,2189
1541,Q3,Peripherals,Accessories,4946
1542,Q3,Peripherals,Software Suites,3634
1543,Q3,Desktops,Software Suites,3687
1544,Q3,Peripherals,Accessories,1695
1545,Q3,Desktops,Software Suites,3843
1546,Q3,Desktops,Accessories,3236
1547,Q3,Laptops,Components,4938
1548,Q3,Software,Software Suites,2911
1549,Q3,Peripherals,Accessories,3712
1550,Q3,Software,Components,2364
1551,Q3,Laptops,Accessories,1160
1552,Q3,Desktops,Software Suites,1511
1553,Q3,Desktops,Components,4468
1554,Q3,Software,Components,3952
1555,Q3,Peripherals,Software Suites,2458
1556,Q3,Laptops,Components,3791
1557,Q3,Laptops,Software Suites,1017
1558,Q3,Laptops,Accessories,1148
1559,Q3,Laptops,Accessories,3028
1560,Q3,Software,Software Suites,3499
1561,Q3,Software,Software Suites,4748
1562,Q3,Peripherals,Components,4038
1563,Q3,Laptops,Components,2029
1564,Q3,Desktops,Accessories,4260
1565,Q3,Software,Software Suites,2966
1566,Q3,Laptops,Software Suites,4304
1567,Q3,Desktops,Accessories,1695
1568,Q3,Laptops,Components,1104
1569,Q3,Laptops,Components,1230
1570,Q3,Peripherals,Components,4963
1571,Q3,Software,Software Suites,1322
1572,Q3,Desktops,Accessories,4757
1573,Q3,Laptops,Accessories,3908
1574,Q3,Peripherals,Accessories,1584
1575,Q3,Software,Software Suites,4456
1576,Q3,Desktops,Components,1576
1577,Q3,Laptops,Software Suites,1573
1578,Q3,Peripherals,Components,3302
1579,Q3,Desktops,Accessories,2153
1580,Q3,Software,Components,2163
1581,Q3,Peripherals,Accessories,1780
1582,Q3,Desktops,Software Suites,3430
1583,Q3,Software,Software Suites,1107
1584,Q3,Desktops,Software Suites,1980
1585,Q3,Software,Components,3213
1586,Q3,Laptops,Accessories,2946
1587,Q3,Peripherals,Accessories,3799
1588,Q3,Laptops,Components,1864
1589,Q3,Peripherals,Components,3591
1590,Q3,Desktops,Software Suites,4039
1591,Q3,Software,Software Suites,2552
1592,Q3,Software,Accessories,2027
1593,Q3,Peripherals,Accessories,3220
1594,Q3,Desktops,Components,3315
1595,Q3,Peripherals,Components,1376
1596,Q3,Desktops,Accessories,3260
1597,Q3,Desktops,Software Suites,1617
1598,Q3,Laptops,Software Suites,3275
1599,Q3,Desktops,Components,4727
1600,Q3,Software,Accessories,3148
1601,Q3,Desktops,Software Suites,4046
1602,Q3,Laptops,Accessories,2238
1603,Q3,Software,Components,4690
1604,Q3,Peripherals,Software Suites,4251
1605,Q3,Laptops,Software Suites,4666
1606,Q3,Peripherals,Accessories,3966
1607,Q3,Desktops,Components,3597
1608,Q3,Peripherals,Accessories,3100
1609,Q3,Peripherals,Accessories,4712
1610,Q3,Laptops,Components,4392
1611,Q3,Peripherals,Software Suites,2666
1612,Q3,Desktops,Software Suites,1342
1613,Q3,Desktops,Components,1014
1614,Q3,Peripherals,Accessories,1933
1615,Q3,Peripherals,Accessories,1250
1616,Q3,Laptops,Accessories,1846
1617,Q3,Desktops,Accessories,1437
1618,Q3,Peripherals,Accessories,4924
1619,Q3,Laptops,Software Suites,1381
1620,Q3,Software,Accessories,3507
1621,Q3,Peripherals,Accessories,2406
1622,Q3,Laptops,Components,1696
1623,Q3,Peripherals,Accessories,3805
1624,Q3,Desktops,Components,4882
1625,Q3,Laptops,Accessories,4162
1626,Q3,Desktops,Accessories,4900
1627,Q3,Desktops,Components,3360
1628,Q3,Software,Software Suites,3694
1629,Q3,Peripherals,Components,1585
1630,Q3,Desktops,Components,4409
1631,Q3,Laptops,Components,3991
1632,Q3,Peripherals,Accessories,2016
1633,Q3,Laptops,Accessories,2419
1634,Q3,Software,Components,3443
1635,Q3,Desktops,Accessories,1051
1636,Q3,Peripherals,Software Suites,4271
1637,Q3,Desktops,Components,2122
1638,Q3,Peripherals,Accessories,1299
1639,Q3,Software,Components,2322
1640,Q3,Desktops,Accessories,4343
1641,Q3,Peripherals,Components,2096
1642,Q3,Software,Software Suites,3156
1643,Q3,Desktops,Accessories,4247
1644,Q3,Peripherals,Components,1134
1645,Q3,Software,Accessories,4039
1646,Q3,Software,Components,2154
1647,Q3,Desktops,Accessories,3782
1648,Q3,Laptops,Components,1752
1649,Q3,Laptops,Components,1556
1650,Q3,Peripherals,Accessories,4153
1651,Q3,Peripherals,Components,4231
1652,Q3,Peripherals,Software Suites,4925
1653,Q3,Desktops,Software Suites,3708
1654,Q3,Peripherals,Accessories,2863
1655,Q3,Peripherals,Components,1779
1656,Q3,Laptops,Software Suites,2180
1657,Q3,Laptops,Components,3592
1658,Q3,Laptops,Accessories,2384
1659,Q3,Software,Components,2934
1660,Q3,Desktops,Accessories,1672
1661,Q3,Desktops,Accessories,2757
1662,Q3,Peripherals,Components,1951
1663,Q3,Desktops,Components,1448
1664,Q3,Desktops,Software Suites,1527
1665,Q3,Software,Components,3073
1666,Q3,Laptops,Software Suites,2465
1667,Q3,Desktops,Components,1399
1668,Q3,Desktops,Software Suites,3057
1669,Q3,Desktops,Accessories,1657
1670,Q3,Laptops,Accessories,1061
1671,Q3,Desktops,Software Suites,1530
1672,Q3,Software,Software Suites,2794
1673,Q3,Laptops,Software Suites,4816
1674,Q3,Desktops,Accessories,1966
1675,Q3,Laptops,Accessories,2139
1676,Q3,Peripherals,Software Suites,1970
1677,Q3,Software,Components,2420
1678,Q3,Laptops,Accessories,3869
1679,Q3,Desktops,Software Suites,2288
1680,Q3,Laptops,Software Suites,3630
1681,Q3,Peripherals,Accessories,4593
1682,Q3,Peripherals,Software Suites,4784
1683,Q3,Laptops,Software Suites,3251
1684,Q3,Software,Components,3852
1685,Q3,Desktops,Components,4676
1686,Q3,Software,Accessories,4146
1687,Q3,Software,Software Suites,2199
1688,Q3,Laptops,Software Suites,1528
1689,Q3,Peripherals,Software Suites,1459
1690,Q3,Laptops,Software Suites,4528
1691,Q3,Laptops,Accessories,3224
1692,Q3,Desktops,Components,2185
1693,Q3,Software,Components,2382
1694,Q3,Peripherals,Software Suites,2126
1695,Q3,Desktops,Components,4207
1696,Q3,Software,Components,3449
1697,Q3,Peripherals,Accessories,4517
1698,Q3,Software,Software Suites,2207
1699,Q3,Laptops,Components,2890
1700,Q3,Software,Accessories,1486
1701,Q3,Peripherals,Software Suites,4885
1702,Q3,Desktops,Accessories,3047
1703,Q3,Peripherals,Accessories,3212
1704,Q3,Laptops,Accessories,2654
1705,Q3,Laptops,Components,2083
1706,Q3,Laptops,Accessories,4793
1707,Q3,Laptops,Software Suites,2955
1708,Q3,Peripherals,Components,3699
1709,Q3,Peripherals,Accessories,1149
1710,Q3,Software,Accessories,2103
1711,Q3,Software,Components,4216
1712,Q3,Laptops,Accessories,1351
1713,Q3,Desktops,Software Suites,1405
1714,Q3,Desktops,Accessories,4239
1715,Q3,Laptops,Components,2234
1716,Q3,Desktops,Accessories,2095
1717,Q3,Software,Accessories,3261
1718,Q3,Software,Accessories,1779
1719,Q3,Desktops,Accessories,1171
1720,Q3,Peripherals,Software Suites,1017
1721,Q3,Desktops,Software Suites,1317
1722,Q3,Desktops,Software Suites,1634
1723,Q3,Desktops,Accessories,3784
1724,Q3,Desktops,Software Suites,2191
1725,Q3,Laptops,Components,1287
1726,Q3,Laptops,Accessories,1057
1727,Q3,Desktops,Accessories,2908
1728,Q3,Software,Components,4360
1729,Q3,Peripherals,Components,2354
1730,Q3,Laptops,Accessories,1255
1731,Q3,Laptops,Software Suites,1912
1732,Q3,Desktops,Software Suites,2997
1733,Q3,Laptops,Components,1755
1734,Q3,Laptops,Software Suites,4913
1735,Q3,Laptops,Software Suites,4053
1736,Q3,Desktops,Software Suites,2378
1737,Q3,Peripherals,Accessories,4806
1738,Q3,Peripherals,Software Suites,2300
1739,Q3,Peripherals,Components,1560
1740,Q3,Software,Software Suites,4753
1741,Q3,Desktops,Software Suites,4838
1742,Q3,Software,Accessories,2250
1743,Q3,Peripherals,Components,3379
1744,Q3,Peripherals,Accessories,1693
1745,Q3,Laptops,Accessories,3566
1746,Q3,Laptops,Components,3760
1747,Q3,Software,Software Suites,3839
1748,Q3,Laptops,Software Suites,3274
1749,Q3,Desktops,Components,3816
1750,Q3,Laptops,Accessories,3220
1751,Q3,Laptops,Components,4279
1752,Q3,Desktops,Software Suites,1718
1753,Q3,Software,Software Suites,2933
1754,Q3,Desktops,Accessories,2665
1755,Q3,Software,Accessories,3133
1756,Q3,Software,Software Suites,1568
1757,Q3,Desktops,Accessories,2295
1758,Q3,Desktops,Accessories,4816
1759,Q3,Desktops,Accessories,1421
1760,Q3,Software,Components,3541
1761,Q3,Software,Components,3658
1762,Q3,Peripherals,Components,2898
1763,Q3,Desktops,Accessories,1134
1764,Q3,Desktops,Software Suites,1137
1765,Q3,Laptops,Software Suites,2102
1766,Q3,Desktops,Components,1410
1767,Q3,Software,Accessories,1376
1768,Q3,Peripherals,Components,1640
1769,Q3,Peripherals,Software Suites,1762
1770,Q3,Software,Components,4353
1771,Q3,Software,Accessories,3554
1772,Q3,Software,Components,1121
1773,Q3,Software,Components,3513
1774,Q3,Laptops,Components,1546
1775,Q3,Peripherals,Components,2684
1776,Q3,Software,Accessories,1152
1777,Q3,Peripherals,Software Suites,1360
1778,Q3,Software,Components,1530
1779,Q3,Desktops,Components,2733
1780,Q3,Peripherals,Components,2852
1781,Q3,Software,Components,2410
1782,Q3,Peripherals,Accessories,3480
1783,Q3,Laptops,Software Suites,3881
1784,Q3,Desktops,Accessories,3914
1785,Q3,Peripherals,Components,3316
1786,Q3,Peripherals,Accessories,3182
1787,Q3,Peripherals,Accessories,2966
1788,Q3,Software,Accessories,1951
1789,Q3,Laptops,Software Suites,2947
1790,Q3,Desktops,Components,1040
1791,Q3,Laptops,Components,4865
1792,Q3,Software,Software Suites,2480
1793,Q3,Software,Accessories,4025
1794,Q3,Software,Components,4826
1795,Q3,Peripherals,Components,2987
1796,Q3,Laptops,Components,4447
1797,Q3,Peripherals,Accessories,2916
1798,Q3,Software,Software Suites,1529
1799,Q3,Desktops,Accessories,1105
1800,Q4,Peripherals,Software Suites,1542
1801,Q4,Software,Software Suites,4770
1802,Q4,Software,Components,2900
1803,Q4,Software,Accessories,2276
1804,Q4,Peripherals,Accessories,2784
1805,Q4,Peripherals,Software Suites,2023
1806,Q4,Peripherals,Software Suites,4482
1807,Q4,Software,Software Suites,4997
1808,Q4,Peripherals,Accessories,1339
1809,Q4,Laptops,Components,3874
1810,Q4,Peripherals,Accessories,2342
1811,Q4,Desktops,Software Suites,1189
1812,Q4,Desktops,Components,4688
1813,Q4,Software,Software Suites,1247
1814,Q4,Laptops,Software Suites,1823
1815,Q4,Peripherals,Software Suites,1102
1816,Q4,Peripherals,Components,2885
1817,Q4,Software,Components,3398
1818,Q4,Peripherals,Components,2282
1819,Q4,Software,Accessories,1286
1820,Q4,Software,Accessories,1464
1821,Q4,Laptops,Components,4733
1822,Q4,Software,Software Suites,4223
1823,Q4,Laptops,Components,4747
1824,Q4,Laptops,Software Suites,3123
1825,Q4,Laptops,Accessories,3184
1826,Q4,Peripherals,Components,4143
1827,Q4,Laptops,Components,3466
1828,Q4,Desktops,Components,2745
1829,Q4,Laptops,Accessories,2167
1830,Q4,Software,Accessories,2942
1831,Q4,Laptops,Software Suites,1255
1832,Q4,Desktops,Components,1769
1833,Q4,Peripherals,Accessories,3949
1834,Q4,Software,Accessories,4472
1835,Q4,Peripherals,Accessories,1407
1836,Q4,Laptops,Software Suites,1387
1837,Q4,Software,Accessories,1342
1838,Q4,Peripherals,Software Suites,4166
1839,Q4,Desktops,Accessories,2244
1840,Q4,Software,Components,2307
1841,Q4,Peripherals,Accessories,1049
1842,Q4,Laptops,Software Suites,4890
1843,Q4,Laptops,Accessories,2736
1844,Q4,Desktops,Components,4189
1845,Q4,Desktops,Accessories,3830
1846,Q4,Software,Accessories,1567
1847,Q4,Desktops,Accessories,4205
1848,Q4,Desktops,Software Suites,3201
1849,Q4,Peripherals,Components,3417
1850,Q4,Peripherals,Components,1801
1851,Q4,Software,Components,4387
1852,Q4,Software,Software Suites,4726
1853,Q4,Peripherals,Components,2626
1854,Q4,Peripherals,Components,1369
1855,Q4,Laptops,Accessories,4395
1856,Q4,Software,Accessories,4549
1857,Q4,Desktops,Accessories,3025
1858,Q4,Desktops,Components,3316
1859,Q4,Desktops,Accessories,1892
1860,Q4,Desktops,Accessories,1269
1861,Q4,Software,Accessories,4776
1862,Q4,Laptops,Accessories,2931
1863,Q4,Software,Software Suites,2099
1864,Q4,Laptops,Components,3772
1865,Q4,Software,Software Suites,1104
1866,Q4,Peripherals,Components,1319
1867,Q4,Laptops,Software Suites,1970
1868,Q4,Peripherals,Accessories,2802
1869,Q4,Laptops,Components,2466
1870,Q4,Peripherals,Software Suites,1749
1871,Q4,Peripherals,Components,2405
1872,Q4,Desktops,Software Suites,2335
1873,Q4,Laptops,Accessories,3098
1874,Q4,Software,Accessories,3250
1875,Q4,Peripherals,Software Suites,4532
1876,Q4,Peripherals,Accessories,4227
1877,Q4,Laptops,Software Suites,2169
1878,Q4,Desktops,Software Suites,4610
1879,Q4,Peripherals,Software Suites,3083
1880,Q4,Software,Components,1750
1881,Q4,Software,Software Suites,2360
1882,Q4,Peripherals,Accessories,3967
1883,Q4,Laptops,Components,4287
1884,Q4,Desktops,Accessories,2496
1885,Q4,Peripherals,Software Suites,1630
1886,Q4,Desktops,Software Suites,1767
1887,Q4,Software,Software Suites,1414
1888,Q4,Peripherals,Software Suites,3794
1889,Q4,Software,Accessories,3011
1890,Q4,Peripherals,Accessories,2804
1891,Q4,Peripherals,Software Suites,3687
1892,Q4,Laptops,Components,4314
1893,Q4,Desktops,Accessories,4182
1894,Q4,Peripherals,Software Suites,1548
1895,Q4,Laptops,Software Suites,3358
1896,Q4,Desktops,Components,4530
1897,Q4,Laptops,Software Suites,4095
1898,Q4,Desktops,Accessories,2317
1899,Q4,Software,Accessories,2570
1900,Q4,Desktops,Accessories,4560
1901,Q4,Desktops,Components,1131
1902,Q4,Desktops,Accessories,3101
1903,Q4,Peripherals,Accessories,1464
1904,Q4,Software,Software Suites,4578
1905,Q4,Peripherals,Software Suites,1154
1906,Q4,Software,Software Suites,1093
1907,Q4,Peripherals,Software Suites,2315
1908,Q4,Peripherals,Software Suites,1800
1909,Q4,Laptops,Components,2981
1910,Q4,Peripherals,Components,2198
1911,Q4,Laptops,Software Suites,2425
1912,Q4,Peripherals,Components,3259
1913,Q4,Laptops,Accessories,3242
1914,Q4,Software,Software Suites,4739
1915,Q4,Desktops,Accessories,2922
1916,Q4,Software,Software Suites,3256
1917,Q4,Software,Components,3711
1918,Q4,Software,Software Suites,1696
1919,Q4,Desktops,Accessories,3667
1920,Q4,Software,Components,4447
1921,Q4,Desktops,Components,2272
1922,Q4,Laptops,Components,1713
1923,Q4,Software,Accessories,2384
1924,Q4,Software,Software Suites,2100
1925,Q4,Peripherals,Components,3340
1926,Q4,Software,Software Suites,4454
1927,Q4,Peripherals,Components,3385
1928,Q4,Peripherals,Accessories,1502
1929,Q4,Laptops,Software Suites,2258
1930,Q4,Peripherals,Accessories,3757
1931,Q4,Software,Accessories,2321
1932,Q4,Laptops,Software Suites,3345
1933,Q4,Laptops,Software Suites,3776
1934,Q4,Peripherals,Software Suites,2316
1935,Q4,Peripherals,Components,3589
1936,Q4,Software,Software Suites,2592
1937,Q4,Desktops,Accessories,1540
1938,Q4,Laptops,Software Suites,2488
1939,Q4,Peripherals,Components,2764
1940,Q4,Peripherals,Accessories,1009
1941,Q4,Software,Components,4570
1942,Q4,Laptops,Components,3111
1943,Q4,Peripherals,Accessories,1145
1944,Q4,Software,Components,4471
1945,Q4,Peripherals,Components,4420
1946,Q4,Peripherals,Accessories,1048
1947,Q4,Laptops,Accessories,1652
1948,Q4,Peripherals,Software Suites,2455
1949,Q4,Software,Components,3028
1950,Q4,Laptops,Components,3903
1951,Q4,Desktops,Components,2697
1952,Q4,Peripherals,Components,3446
1953,Q4,Software,Components,1040
1954,Q4,Laptops,Components,3634
1955,Q4,Software,Software Suites,4661
1956,Q4,Desktops,Software Suites,3104
1957,Q4,Desktops,Accessories,2819
1958,Q4,Desktops,Software Suites,2188
1959,Q4,Peripherals,Software Suites,4817
1960,Q4,Laptops,Accessories,1132
1961,Q4,Laptops,Software Suites,2146
1962,Q4,Peripherals,Components,1554
1963,Q4,Laptops,Software Suites,4465
1964,Q4,Laptops,Components,2930
1965,Q4,Desktops,Software Suites,4689
1966,Q4,Software,Accessories,3660
1967,Q4,Software,Accessories,3227
1968,Q4,Laptops,Software Suites,3069
1969,Q4,Peripherals,Components,1810
1970,Q4,Laptops,Components,3248
1971,Q4,Laptops,Accessories,3740
1972,Q4,Desktops,Accessories,4861
1973,Q4,Software,Software Suites,3195
1974,Q4,Desktops,Accessories,4755
1975,Q4,Peripherals,Components,4778
1976,Q4,Laptops,Accessories,3090
1977,Q4,Software,Accessories,2757
1978,Q4,Peripherals,Accessories,1570
1979,Q4,Laptops,Software Suites,2074
1980,Q4,Desktops,Software Suites,4516
1981,Q4,Desktops,Accessories,1553
1982,Q4,Peripherals,Components,2588
1983,Q4,Laptops,Components,3794
1984,Q4,Desktops,Components,1962
1985,Q4,Laptops,Software Suites,4896
1986,Q4,Laptops,Accessories,3597
1987,Q4,Peripherals,Accessories,1113
1988,Q4,Peripherals,Components,1988
1989,Q4,Laptops,Components,3961
1990,Q4,Desktops,Accessories,4452
1991,Q4,Software,Software Suites,4707
1992,Q4,Software,Accessories,4404
1993,Q4,Desktops,Accessories,1299
1994,Q4,Laptops,Components,3918
1995,Q4,Peripherals,Components,1440
1996,Q4,Desktops,Accessories,1306
1997,Q4,Laptops,Accessories,3767
1998,Q4,Software,Accessories,2912
1999,Q4,Software,Components,3591
2000,Q4,Laptops,Components,4405
2001,Q4,Peripherals,Accessories,1275
2002,Q4,Software,Components,3110
2003,Q4,Software,Software Suites,4337
2004,Q4,Laptops,Accessories,2761
2005,Q4,Peripherals,Software Suites,3093
2006,Q4,Software,Accessories,2991
2007,Q4,Peripherals,Accessories,4628
2008,Q4,Laptops,Accessories,1199
2009,Q4,Desktops,Accessories,4511
2010,Q4,Software,Accessories,4265
2011,Q4,Software,Components,4250
2012,Q4,Peripherals,Components,2649
2013,Q4,Laptops,Software Suites,3063
2014,Q4,Desktops,Components,2475
2015,Q4,Software,Components,2006
2016,Q4,Software,Components,4501
2017,Q4,Desktops,Accessories,3023
2018,Q4,Desktops,Software Suites,3893
2019,Q4,Software,Accessories,1403
2020,Q4,Software,Software Suites,4155
2021,Q4,Desktops,Software Suites,3635
2022,Q4,Desktops,Software Suites,4990
2023,Q4,Desktops,Components,1535
2024,Q4,Peripherals,Accessories,3160
2025,Q4,Software,Software Suites,3044
2026,Q4,Desktops,Accessories,3153
2027,Q4,Laptops,Components,1217
2028,Q4,Desktops,Software Suites,2892
2029,Q4,Software,Software Suites,2198
2030,Q4,Desktops,Software Suites,3469
2031,Q4,Peripherals,Accessories,1928
2032,Q4,Peripherals,Software Suites,2740
2033,Q4,Desktops,Accessories,3480
2034,Q4,Laptops,Components,1256
2035,Q4,Laptops,Software Suites,4147
2036,Q4,Desktops,Components,3862
2037,Q4,Peripherals,Software Suites,1229
2038,Q4,Laptops,Components,1258
2039,Q4,Software,Accessories,4401
2040,Q4,Software,Accessories,2133
2041,Q4,Laptops,Components,4443
2042,Q4,Desktops,Software Suites,2997
2043,Q4,Desktops,Components,2369
2044,Q4,Software,Software Suites,2094
2045,Q4,Laptops,Components,3636
2046,Q4,Software,Accessories,1438
2047,Q4,Desktops,Accessories,2610
2048,Q4,Laptops,Components,2383
2049,Q4,Desktops,Software Suites,1616
2050,Q4,Peripherals,Software Suites,2411
2051,Q4,Software,Accessories,3114
2052,Q4,Software,Components,3710
2053,Q4,Laptops,Software Suites,1345
2054,Q4,Desktops,Components,4489
2055,Q4,Software,Accessories,4513
2056,Q4,Desktops,Components,3767
2057,Q4,Desktops,Accessories,4697
2058,Q4,Software,Accessories,2711
2059,Q4,Software,Components,4286
2060,Q4,Laptops,Accessories,3909
2061,Q4,Desktops,Components,3250
2062,Q4,Peripherals,Components,1718
2063,Q4,Desktops,Components,3230
2064,Q4,Desktops,Components,4605
2065,Q4,Desktops,Accessories,4938
2066,Q4,Desktops,Software Suites,2792
2067,Q4,Laptops,Software Suites,1991
2068,Q4,Software,Software Suites,3990
2069,Q4,Software,Software Suites,1303
2070,Q4,Peripherals,Components,1604
2071,Q4,Desktops,Software Suites,3247
2072,Q4,Software,Components,4960
2073,Q4,Software,Accessories,2315
2074,Q4,Desktops,Software Suites,2773
2075,Q4,Software,Accessories,2289
2076,Q4,Software,Software Suites,2762
2077,Q4,Software,Components,1028
2078,Q4,Software,Software Suites,3378
2079,Q4,Peripherals,Components,3384
2080,Q4,Laptops,Components,2262
2081,Q4,Peripherals,Accessories,2056
2082,Q4,Software,Software Suites,4046
2083,Q4,Desktops,Accessories,1751
2084,Q4,Peripherals,Components,1188
2085,Q4,Desktops,Components,1161
2086,Q4,Desktops,Components,4527
2087,Q4,Desktops,Accessories,2457
2088,Q4,Software,Components,1407
2089,Q4,Peripherals,Components,4515
2090,Q4,Laptops,Accessories,1594
2091,Q4,Software,Accessories,2346
2092,Q4,Laptops,Software Suites,1082
2093,Q4,Peripherals,Accessories,3716
2094,Q4,Peripherals,Accessories,3797
2095,Q4,Laptops,Components,4026
2096,Q4,Laptops,Accessories,2052
2097,Q4,Laptops,Components,2312
2098,Q4,Laptops,Accessories,4752
2099,Q4,Peripherals,Components,4286
2100,Q4,Laptops,Software Suites,1148
2101,Q4,Desktops,Components,3767
2102,Q4,Peripherals,Software Suites,4250
2103,Q4,Peripherals,Software Suites,3236
2104,Q4,Laptops,Accessories,3559
2105,Q4,Software,Components,1003
2106,Q4,Laptops,Accessories,1120
2107,Q4,Peripherals,Components,1140
2108,Q4,Software,Accessories,1635
2109,Q4,Software,Software Suites,4963
2110,Q4,Software,Accessories,3537
2111,Q4,Desktops,Components,4129
2112,Q4,Laptops,Accessories,2182
2113,Q4,Laptops,Software Suites,4750
2114,Q4,Desktops,Software Suites,1795
2115,Q4,Peripherals,Software Suites,4609
2116,Q4,Laptops,Components,1123
2117,Q4,Desktops,Accessories,1081
2118,Q4,Desktops,Software Suites,1315
2119,Q4,Desktops,Components,4167
2120,Q4,Laptops,Software Suites,2029
2121,Q4,Laptops,Software Suites,2804
2122,Q4,Desktops,Components,2885
2123,Q4,Desktops,Software Suites,4158
2124,Q4,Desktops,Software Suites,2394
2125,Q4,Software,Components,1026
2126,Q4,Software,Accessories,2545
2127,Q4,Desktops,Accessories,2152
2128,Q4,Peripherals,Components,3923
2129,Q4,Software,Components,4005
2130,Q4,Desktops,Accessories,1367
2131,Q4,Laptops,Accessories,4172
2132,Q4,Desktops,Software Suites,1281
2133,Q4,Software,Software Suites,3478
2134,Q4,Software,Accessories,2557
2135,Q4,Desktops,Components,2205
2136,Q4,Desktops,Accessories,2932
2137,Q4,Peripherals,Software Suites,2241
2138,Q4,Desktops,Software Suites,4175
2139,Q4,Software,Software Suites,4867
2140,Q4,Desktops,Components,4263
2141,Q4,Laptops,Components,2756
2142,Q4,Laptops,Software Suites,3013
2143,Q4,Desktops,Components,2788
2144,Q4,Software,Components,4174
2145,Q4,Software,Software Suites,3209
2146,Q4,Peripherals,Components,2872
2147,Q4,Laptops,Software Suites,2638
2148,Q4,Laptops,Components,2500
2149,Q4,Laptops,Software Suites,3210
2150,Q4,Software,Accessories,3755
2151,Q4,Software,Accessories,2729
2152,Q4,Laptops,Accessories,4226
2153,Q4,Desktops,Components,4306
2154,Q4,Desktops,Software Suites,2716
2155,Q4,Software,Accessories,4636
2156,Q4,Software,Accessories,1692
2157,Q4,Desktops,Software Suites,4728
2158,Q4,Laptops,Software Suites,2176
2159,Q4,Software,Components,3257
2160,Q4,Laptops,Components,2134
2161,Q4,Peripherals,Components,2768
2162,Q4,Software,Accessories,2360
2163,Q4,Laptops,Accessories,3820
2164,Q4,Laptops,Software Suites,1324
2165,Q4,Laptops,Components,4353
2166,Q4,Software,Software Suites,4615
2167,Q4,Laptops,Software Suites,3251
2168,Q4,Laptops,Accessories,3189
2169,Q4,Laptops,Accessories,3799
2170,Q4,Peripherals,Software Suites,1796
2171,Q4,Desktops,Accessories,3998
2172,Q4,Laptops,Components,1874
2173,Q4,Laptops,Software Suites,3705
2174,Q4,Peripherals,Software Suites,2222
2175,Q4,Laptops,Software Suites,3984
2176,Q4,Peripherals,Accessories,4164
2177,Q4,Software,Accessories,1834
2178,Q4,Desktops,Accessories,3469
2179,Q4,Software,Accessories,2993
2180,Q4,Desktops,Accessories,2176
2181,Q4,Peripherals,Software Suites,3353
2182,Q4,Desktops,Accessories,4970
2183,Q4,Desktops,Software Suites,1009
2184,Q4,Desktops,Components,4827
2185,Q4,Software,Components,4423
2186,Q4,Software,Accessories,3117
2187,Q4,Software,Accessories,3440
2188,Q4,Software,Components,2476
2189,Q4,Desktops,Accessories,1516
2190,Q4,Software,Software Suites,3285
2191,Q4,Software,Accessories,4265
2192,Q4,Software,Accessories,1924
2193,Q4,Peripherals,Software Suites,3868
2194,Q4,Desktops,Components,3992
2195,Q4,Laptops,Accessories,4033
2196,Q4,Software,Software Suites,2360
2197,Q4,Laptops,Accessories,2568
2198,Q4,Desktops,Software Suites,2664
2199,Q4,Peripherals,Software Suites,4416
2200,Q4,Software,Software Suites,4601
2201,Q4,Peripherals,Software Suites,2656
2202,Q4,Peripherals,Accessories,4879
2203,Q4,Software,Software Suites,3282
2204,Q4,Software,Accessories,2540
2205,Q4,Laptops,Components,1002
2206,Q4,Peripherals,Accessories,3444
2207,Q4,Laptops,Components,3579
2208,Q4,Peripherals,Software Suites,4873
2209,Q4,Peripherals,Components,3872
2210,Q4,Desktops,Accessories,1118
2211,Q4,Laptops,Accessories,3268
2212,Q4,Desktops,Software Suites,3971
2213,Q4,Peripherals,Components,2986
2214,Q4,Peripherals,Components,2717
2215,Q4,Software,Components,4239
2216,Q4,Software,Accessories,3445
2217,Q4,Laptops,Components,3725
2218,Q4,Software,Components,2856
2219,Q4,Peripherals,Software Suites,2112
2220,Q4,Laptops,Components,3076
2221,Q4,Peripherals,Software Suites,4836
2222,Q4,Peripherals,Software Suites,3410
2223,Q4,Software,Accessories,3829
2224,Q4,Software,Components,1496
2225,Q4,Desktops,Components,4951
2226,Q4,Laptops,Accessories,1978
2227,Q4,Laptops,Accessories,4885
2228,Q4,Software,Software Suites,2783
2229,Q4,Laptops,Components,4675
2230,Q4,Desktops,Accessories,4567
2231,Q4,Peripherals,Accessories,4021
2232,Q4,Laptops,Accessories,4665
2233,Q4,Peripherals,Accessories,3437
2234,Q4,Desktops,Accessories,4395
2235,Q4,Laptops,Software Suites,1688
2236,Q4,Peripherals,Software Suites,1281
2237,Q4,Software,Components,3173
2238,Q4,Software,Components,4239
2239,Q4,Laptops,Software Suites,4061
2240,Q4,Peripherals,Software Suites,3111
2241,Q4,Desktops,Accessories,3083
2242,Q4,Software,Software Suites,3439
2243,Q4,Peripherals,Accessories,4472
2244,Q4,Desktops,Accessories,4367
2245,Q4,Laptops,Components,1438
2246,Q4,Desktops,Software Suites,3382
2247,Q4,Peripherals,Accessories,2523
2248,Q4,Peripherals,Accessories,4197
2249,Q4,Software,Accessories,3023
2250,Q4,Desktops,Components,4965
2251,Q4,Desktops,Software Suites,2729
2252,Q4,Peripherals,Accessories,3716
2253,Q4,Desktops,Accessories,1434
2254,Q4,Software,Accessories,4729
2255,Q4,Desktops,Accessories,1614
2256,Q4,Laptops,Accessories,2513
2257,Q4,Desktops,Components,4350
2258,Q4,Peripherals,Components,4869
2259,Q4,Laptops,Components,2937
2260,Q4,Peripherals,Software Suites,2938
2261,Q4,Laptops,Components,1194
2262,Q4,Peripherals,Accessories,4915
2263,Q4,Desktops,Components,1065
2264,Q4,Peripherals,Accessories,1104
2265,Q4,Peripherals,Software Suites,2893
2266,Q4,Desktops,Accessories,1014
2267,Q4,Desktops,Accessories,1657
2268,Q4,Peripherals,Software Suites,3510
2269,Q4,Laptops,Components,3820
2270,Q4,Software,Accessories,2192
2271,Q4,Software,Software Suites,4181
2272,Q4,Software,Accessories,3430
2273,Q4,Software,Software Suites,1913
2274,Q4,Peripherals,Software Suites,3849
2275,Q4,Software,Components,3368
2276,Q4,Peripherals,Components,4248
2277,Q4,Peripherals,Components,1617
2278,Q4,Software,Components,1923
2279,Q4,Desktops,Accessories,2214
2280,Q4,Laptops,Accessories,2365
2281,Q4,Software,Accessories,4555
2282,Q4,Software,Software Suites,3930
2283,Q4,Laptops,Accessories,3176
2284,Q4,Desktops,Components,3161
2285,Q4,Laptops,Software Suites,4543
2286,Q4,Laptops,Software Suites,2787
2287,Q4,Laptops,Accessories,1900
2288,Q4,Laptops,Accessories,1547
2289,Q4,Software,Software Suites,2320
2290,Q4,Software,Accessories,3613
2291,Q4,Software,Accessories,2883
2292,Q4,Peripherals,Software Suites,2687
2293,Q4,Desktops,Software Suites,2920
2294,Q4,Desktops,Software Suites,4899
2295,Q4,Laptops,Software Suites,4990
2296,Q4,Peripherals,Accessories,1645
2297,Q4,Software,Accessories,1457
2298,Q4,Peripherals,Accessories,1977
2299,Q4,Laptops,Accessories,4407
2300,Q4,Software,Software Suites,2838
2301,Q4,Peripherals,Accessories,4454
2302,Q4,Desktops,Components,3587
2303,Q4,Laptops,Software Suites,3212
2304,Q4,Laptops,Software Suites,2126
2305,Q4,Peripherals,Accessories,2376
2306,Q4,Software,Components,1590
2307,Q4,Peripherals,Components,3076
2308,Q4,Software,Software Suites,2121
2309,Q4,Desktops,Components,2169
2310,Q4,Software,Accessories,1158
2311,Q4,Peripherals,Software Suites,4196
2312,Q4,Desktops,Software Suites,4757
2313,Q4,Peripherals,Components,2993
2314,Q4,Peripherals,Accessories,3144
2315,Q4,Peripherals,Components,4703
2316,Q4,Peripherals,Software Suites,3045
2317,Q4,Software,Software Suites,3490
2318,Q4,Laptops,Components,2712
2319,Q4,Laptops,Accessories,3057
2320,Q4,Peripherals,Components,3087
2321,Q4,Peripherals,Software Suites,3844
2322,Q4,Software,Software Suites,3416
2323,Q4,Desktops,Accessories,3015
2324,Q4,Desktops,Accessories,1303
2325,Q4,Laptops,Components,4618
2326,Q4,Software,Accessories,4553
2327,Q4,Peripherals,Software Suites,1737
2328,Q4,Peripherals,Accessories,2173
2329,Q4,Peripherals,Components,4893
2330,Q4,Peripherals,Software Suites,2284
2331,Q4,Laptops,Software Suites,4248
2332,Q4,Software,Software Suites,4142
2333,Q4,Laptops,Accessories,4442
2334,Q4,Desktops,Software Suites,1064
2335,Q4,Desktops,Components,2931
2336,Q4,Software,Accessories,3262
2337,Q4,Laptops,Components,4348
2338,Q4,Peripherals,Components,1897
2339,Q4,Peripherals,Components,2227
2340,Q4,Software,Accessories,1719
2341,Q4,Software,Components,4047
2342,Q4,Desktops,Components,4995
2343,Q4,Desktops,Accessories,1561
2344,Q4,Desktops,Software Suites,1932
2345,Q4,Software,Accessories,2228
2346,Q4,Software,Software Suites,4556
2347,Q4,Laptops,Accessories,2782
2348,Q4,Peripherals,Software Suites,2127
2349,Q4,Desktops,Components,2289
2350,Q4,Desktops,Accessories,3392
2351,Q4,Laptops,Accessories,2548
2352,Q4,Desktops,Software Suites,1561
2353,Q4,Software,Software Suites,4280
2354,Q4,Software,Accessories,2688
2355,Q4,Software,Components,2026
2356,Q4,Software,Components,3913
2357,Q4,Peripherals,Accessories,3981
2358,Q4,Desktops,Components,1620
2359,Q4,Peripherals,Software Suites,1294
2360,Q4,Desktops,Software Suites,1181
2361,Q4,Laptops,Software Suites,4062
2362,Q4,Laptops,Accessories,3502
2363,Q4,Peripherals,Accessories,4168
2364,Q4,Laptops,Components,3505
2365,Q4,Peripherals,Accessories,2606
2366,Q4,Software,Components,3358
2367,Q4,Peripherals,Accessories,3889
2368,Q4,Peripherals,Accessories,2595
2369,Q4,Peripherals,Accessories,4660
2370,Q4,Peripherals,Accessories,4598
2371,Q4,Laptops,Software Suites,4202
2372,Q4,Peripherals,Accessories,4969
2373,Q4,Software,Software Suites,2561
2374,Q4,Desktops,Accessories,1456
2375,Q4,Laptops,Accessories,2936
2376,Q4,Laptops,Components,3983
2377,Q4,Peripherals,Software Suites,4117
2378,Q4,Laptops,Accessories,2554
2379,Q4,Desktops,Accessories,2170
2380,Q4,Peripherals,Software Suites,2781
2381,Q4,Software,Components,4215
2382,Q4,Laptops,Components,1242
2383,Q4,Software,Software Suites,2312
2384,Q4,Peripherals,Software Suites,1919
2385,Q4,Laptops,Components,4223
2386,Q4,Laptops,Components,2878
2387,Q4,Laptops,Accessories,1347
2388,Q4,Laptops,Accessories,2047
2389,Q4,Laptops,Components,1177
2390,Q4,Software,Accessories,2902
2391,Q4,Peripherals,Software Suites,4990
2392,Q4,Desktops,Software Suites,3268
2393,Q4,Peripherals,Accessories,4477
2394,Q4,Software,Components,3970
2395,Q4,Desktops,Accessories,4531
2396,Q4,Laptops,Components,2244
2397,Q4,Software,Accessories,4805
2398,Q4,Software,Components,1954
2399,Q4,Desktops,Components,2753
